tree
version=v4
num_class=1
num_tree_per_iteration=1
label_index=0
max_feature_idx=1
objective=binary sigmoid:1
feature_names=sentiment_score sentiment_norm
feature_infos=[-0.99992978250884323:0.99924014514544979] [0:1]
tree_sizes=2393 2444 2549 2446 2552 2450 2442 2456 2439 2447 2443 2456 2445 2457 2445 2452 2445 2452 2433 2561 2436 2565 2439 2561 2550 2453 2559 2453 2554 2453 2552 2564 2554 2558 2555 2562 2772 2457 2766 2348 2767 2343 2773 2562 2772 2560 2771 2554 2660 2452 2654 2450 2659 2455 2562 2456 2561 2452 2557 2449 2769 2456 2762 2462 2775 2452 2767 2570 2776 2568 2776 2564 2558 2677 2554 2673 2555 2681 2556 2451 2555 2460 2551 2455 2545 2459 2554 2453 2550 2455 2556 2570 2559 2568 2547 2567 2553 2452 2554 2454

Tree=0
num_leaves=22
num_cat=0
split_feature=0 0 0 0 0 0 0 0 0 0 0 0 0 0 0 0 0 0 0 0 0
split_gain=9.43786 4.27663 5.74317 3.63268 1.81104 1.50346 3.73732 2.71535 1.63551 1.27587 1.57404 1.71806 2.80813 0.842975 1.55235 1.07528 1.0665 0.479653 0.653204 0.0906361 0.033917
threshold=-0.98854950023815025 -0.99394081102218468 -0.99216102925129224 -0.98524397937580932 -0.98040820006281126 0.28826266527175909 -0.47021172940731037 -0.72477956861257542 -0.82653750479221333 -0.97551024006679643 -0.95919504482299089 -0.91442017443478096 -0.93831331655383099 -0.99933364039316064 -0.99748608766822133 -0.99657253082841624 -0.99587486381642509 -0.99874428653856728 -0.99809952138457436 -0.87562826089560974 -0.97089833253994573
decision_type=2 2 2 2 2 2 2 2 2 2 2 2 2 2 2 2 2 2 2 2 2
left_child=1 13 -3 -2 -5 6 7 8 9 -6 20 12 -12 -1 17 -16 -17 -15 -19 -13 -11
right_child=3 2 -4 4 5 -7 -8 -9 -10 10 11 19 -14 14 15 16 -18 18 -20 -21 -22
leaf_value=0.16996487139618552 0.16911034526736116 0.17153811876783526 0.17030960687602908 0.1704455588962491 0.16945159857064065 0.17039004515465928 0.16920941880702295 0.17061527233482374 0.16935919767621421 0.17027318199513997 0.16998785376150843 0.17007722962665306 0.16899831116402037 0.17031966166085788 0.16982697720424811 0.17068813995193577 0.17009195035738275 0.17083611197251747 0.17037188167238793 0.17027318199513997 0.17039004515465928
leaf_weight=24.323602855205536 16.381201922893524 19.111402243375778 24.323602855205536 17.622202068567276 13.402801573276518 14.89200174808502 23.082602709531784 14.89200174808502 16.133001893758774 13.154601544141771 20.848802447319024 13.402801573276522 13.154601544141768 23.827202796936035 22.338002622127533 12.658201485872267 25.316402971744537 19.111402243375778 15.388401806354521 13.154601544141782 14.892001748085013
leaf_count=98 66 77 98 71 54 60 93 60 65 53 84 54 53 96 90 51 102 77 62 53 60
internal_value=0.170116 0.170389 0.17085 0.169868 0.169934 0.169881 0.169832 0.16994 0.169855 0.169934 0.170007 0.169855 0.169605 0.170249 0.170308 0.170119 0.170291 0.170503 0.170629 0.170174 0.170335
internal_weight=391.411 186.398 43.435 205.013 188.632 171.01 156.118 133.035 118.143 102.01 88.6074 60.5608 34.0034 142.963 118.64 60.3126 37.9746 58.327 34.4998 26.5574 28.0466
internal_count=1577 751 175 826 760 689 629 536 476 411 357 244 137 576 478 243 153 235 139 107 113
is_linear=0
shrinkage=1


Tree=1
num_leaves=21
num_cat=0
split_feature=1 1 1 1 1 1 1 1 1 1 1 1 1 1 1 1 1 1 1 1
split_gain=9.5158 4.89973 5.05959 2.27813 1.50726 2.40148 1.95025 3.39155 1.94109 1.33968 1.37552 1.61586 1.10012 1.81655 1.66474 0.640491 0.571776 0.552795 0.397845 0.174521
threshold=0.0052054444417174118 0.0030386524593678387 0.0040048307190119646 0.0073959544228075031 0.023332139519733182 0.017009627046576898 0.64436365811689189 0.38197877997841073 0.010314289246546296 0.15756349930236166 0.083825536468839737 0.061224779660074745 0.00030614836655979419 0.0012299843633581072 0.0016862131302390222 0.0005998771595860222 0.0022654156993902985 0.00089195184110821778 0.031152889875884483 0.013272963937056225
decision_type=2 2 2 2 2 2 2 2 2 2 2 2 2 2 2 2 2 2 2 2
left_child=1 12 -3 -2 5 8 7 9 -5 10 11 18 -1 15 -15 -14 -16 -17 -6 -10
right_child=3 2 -4 4 6 -7 -8 -9 19 -11 -12 -13 13 14 16 17 -18 -19 -20 -21
leaf_value=-0.00018404384618885591 -0.00076800371703201955 0.001380172792282028 0.00016955009489845154 0.0002422303288201036 -0.00017375560437686243 0.00061408799559753522 0.0002759451946301264 -0.001160943728683152 -0.00054596861393270001 0.00011577775672736576 -0.00073354657931893198 0.0002867808790822633 0.00020566790530618064 -0.00036126821686096325 0.00040474304269054652 0.00077395560956540531 -5.1963416084509788e-06 0.00034936704267565311 -0.00051983076086410402 -0.00028703654281775191
leaf_weight=24.572105199098587 20.850108951330185 20.59833550453186 18.366495609283447 20.600334718823433 14.892222315073012 14.891880691051481 14.891652166843413 13.40382671356201 16.133456543087963 20.849066734313965 20.601463213562965 13.15443544089794 23.826774179935455 22.338526278734207 20.600010693073273 17.372933924198151 17.870342552661896 17.125378340482712 25.069412186741829 13.40255333483219
leaf_count=99 84 83 74 83 60 60 60 54 65 84 83 53 96 90 83 70 72 69 101 54
internal_value=2.54065e-06 0.000282064 0.000809533 -0.000242073 -0.000183711 2.27527e-05 -0.000292988 -0.000371457 -0.00015289 -0.000259556 -0.000365709 -0.00022304 0.000139045 0.000205684 2.87213e-06 0.000417133 0.000214317 0.000563185 -0.000390861 -0.000428473
internal_weight=391.411 182.671 38.9648 208.74 187.89 65.0282 122.862 107.97 50.1363 94.5666 73.7175 53.1161 143.706 119.134 60.8089 58.3251 38.4704 34.4983 39.9616 29.536
internal_count=1577 736 157 841 757 262 495 435 202 381 297 214 579 480 245 235 155 139 161 119
is_linear=0
shrinkage=0.00167704


Tree=2
num_leaves=22
num_cat=0
split_feature=0 0 0 0 0 0 0 0 0 0 0 0 0 0 0 0 0 0 0 0 0
split_gain=9.37639 4.25069 5.70757 3.61115 1.80038 1.49341 3.71703 2.70467 1.62412 1.26985 1.56815 1.71199 2.7926 0.836965 1.54175 1.06725 1.06147 0.476272 0.649365 0.089249 0.0332092
threshold=-0.98854950023815025 -0.99394081102218468 -0.99216102925129224 -0.98524397937580932 -0.98040820006281126 0.28826266527175909 -0.47021172940731037 -0.72477956861257542 -0.82653750479221333 -0.97551024006679643 -0.95919504482299089 -0.91442017443478096 -0.93831331655383099 -0.99933364039316064 -0.99748608766822133 -0.99657253082841624 -0.99587486381642509 -0.99874428653856728 -0.99809952138457436 -0.87562826089560974 -0.97089833253994573
decision_type=2 2 2 2 2 2 2 2 2 2 2 2 2 2 2 2 2 2 2 2 2
left_child=1 13 -3 -2 -5 6 7 8 9 -6 20 12 -12 -1 17 -16 -17 -15 -19 -13 -11
right_child=3 2 -4 4 5 -7 -8 -9 -10 10 11 19 -14 14 15 16 -18 18 -20 -21 -22
leaf_value=-0.0001482091231145269 -0.0010001771852764386 0.0014201975988496558 0.00019541079529809691 0.00033103977251839348 -0.00066033020299299816 0.00027548890539586462 -0.00090154189665488723 0.00050096738260304295 -0.00075185501138593522 0.00015996258476174116 -0.00012571092845136764 -3.5553946583762115e-05 -0.0011124702276040128 0.00020534229186837584 -0.00028557665669426744 0.00057292717098745617 -2.1870036985021276e-05 0.00072011687085669538 0.00025723315643194915 0.00015889282102342367 0.00027560037954356403
leaf_weight=24.324287742376328 16.383650779724121 19.106905832886696 24.322911903262138 17.621405765414238 13.403922423720358 14.891302585601805 23.085582688450813 14.891488105058668 16.135030090808868 13.15488511323929 20.848883315920823 13.403381511569025 13.156396314501761 23.826377019286156 22.339213445782661 12.657162845134733 25.316175520420074 19.109030187129974 15.387606352567671 13.154166832566274 14.891387209296218
leaf_count=98 66 77 98 71 54 60 93 60 65 53 84 54 53 96 90 51 102 77 62 53 60
internal_value=2.53644e-06 0.000274765 0.000734255 -0.000244953 -0.00017936 -0.000231951 -0.000280351 -0.000172559 -0.000257451 -0.000179253 -0.00010648 -0.000258302 -0.000507481 0.000135177 0.00019328 5.27931e-06 0.000176386 0.000387694 0.000513642 6.07571e-05 0.000221361
internal_weight=391.411 186.39 43.4298 205.021 188.638 171.016 156.125 133.04 118.148 102.013 88.6091 60.5628 34.0053 142.96 118.636 60.3126 37.9733 58.323 34.4966 26.5575 28.0463
internal_count=1577 751 175 826 760 689 629 536 476 411 357 244 137 576 478 243 153 235 139 107 113
is_linear=0
shrinkage=0.00167704


Tree=3
num_leaves=21
num_cat=0
split_feature=1 1 1 1 1 1 1 1 1 1 1 1 1 1 1 1 1 1 1 1
split_gain=9.4528 4.8689 5.02934 2.26278 1.49688 2.39269 1.93705 3.3717 1.93225 1.33332 1.36877 1.6058 1.0932 1.80534 1.65454 0.636692 0.568521 0.549225 0.394921 0.172651
threshold=0.0052054444417174118 0.0030386524593678387 0.0040048307190119646 0.0073959544228075031 0.023332139519733182 0.017009627046576898 0.64436365811689189 0.38197877997841073 0.010314289246546296 0.15756349930236166 0.083825536468839737 0.061224779660074745 0.00030614836655979419 0.0012299843633581072 0.0016862131302390222 0.0005998771595860222 0.0022654156993902985 0.00089195184110821778 0.031152889875884483 0.013272963937056225
decision_type=2 2 2 2 2 2 2 2 2 2 2 2 2 2 2 2 2 2 2 2
left_child=1 12 -3 -2 5 8 7 9 -5 10 11 18 -1 15 -15 -14 -16 -17 -6 -10
right_child=3 2 -4 4 6 -7 -8 -9 19 -11 -12 -13 13 14 16 17 -18 -19 -20 -21
leaf_value=-0.00018348764725978855 -0.00076537908164792817 0.0013760161296302799 0.0001689433416676829 0.00024157745984237258 -0.00017316552724106447 0.0006129359455452802 0.00027503340026970361 -0.001157284257282271 -0.00054445544119350545 0.00011583522550518269 -0.00073141481740278641 0.00028606253688262247 0.00020497695547170146 -0.00036017985641655938 0.00040352559350151357 0.00077154878176396307 -5.251778065813381e-06 0.00034831436525699773 -0.00051795775295474477 -0.00028691870374619385
leaf_weight=24.572788178920746 20.852748557925224 20.593600228428841 18.365925520658493 20.599642351269722 14.89266201853752 14.890982016921042 14.890953004360197 13.406146556138991 16.134651571512226 20.849119752645493 20.603589624166489 13.153949439525602 23.825930669903755 22.339729979634285 20.598709031939507 17.370713204145432 17.870291143655777 17.124446392059326 25.071707472205162 13.402632191777228
leaf_count=99 84 83 74 83 60 60 60 54 65 84 83 53 96 90 83 70 72 69 101 54
internal_value=2.53218e-06 0.000281141 0.000806989 -0.00024126 -0.000183093 2.26605e-05 -0.000291988 -0.000370185 -0.000152655 -0.000258608 -0.000364504 -0.000222186 0.000138577 0.000205009 2.82747e-06 0.000415815 0.000213633 0.000561442 -0.000389471 -0.000427597
internal_weight=391.411 182.662 38.9595 208.749 187.896 65.0279 122.868 107.977 50.1369 94.571 73.7219 53.1183 143.703 119.13 60.8087 58.3211 38.469 34.4952 39.9644 29.5373
internal_count=1577 736 157 841 757 262 495 435 202 381 297 214 579 480 245 235 155 139 161 119
is_linear=0
shrinkage=0.00167704


Tree=4
num_leaves=22
num_cat=0
split_feature=0 0 0 0 0 0 0 0 0 0 0 0 0 0 0 0 0 0 0 0 0
split_gain=9.31533 4.22492 5.67222 3.58976 1.78978 1.48342 3.69685 2.69403 1.6128 1.26386 1.56228 1.70594 2.77715 0.830997 1.53123 1.05927 1.05645 0.472914 0.645551 0.0878784 0.0325115
threshold=-0.98854950023815025 -0.99394081102218468 -0.99216102925129224 -0.98524397937580932 -0.98040820006281126 0.28826266527175909 -0.47021172940731037 -0.72477956861257542 -0.82653750479221333 -0.97551024006679643 -0.95919504482299089 -0.91442017443478096 -0.93831331655383099 -0.99933364039316064 -0.99748608766822133 -0.99657253082841624 -0.99587486381642509 -0.99874428653856728 -0.99809952138457436 -0.87562826089560974 -0.97089833253994573
decision_type=2 2 2 2 2 2 2 2 2 2 2 2 2 2 2 2 2 2 2 2 2
left_child=1 13 -3 -2 -5 6 7 8 9 -6 20 12 -12 -1 17 -16 -17 -15 -19 -13 -11
right_child=3 2 -4 4 5 -7 -8 -9 -10 10 11 19 -14 14 15 16 -18 18 -20 -21 -22
leaf_value=-0.00014764861663986019 -0.00099706916287900797 0.0014159365013307055 0.0001948592537206746 0.00033016573563518541 -0.00065862118777831218 0.0002745785618307128 -0.00089886983081287146 0.00050030561107293882 -0.00074927423775620803 0.00016038391916880072 -0.00012563296063277732 -3.4699094685627429e-05 -0.0011096189541689111 0.00020466814173161632 -0.0002844916547210816 0.00057136177337564526 -2.2046529092999087e-05 0.00071777257166946089 0.00025623091593378691 0.00015824833781619699 0.00027480084027363633
leaf_weight=24.324971169233322 16.386067181825638 19.102351680397987 24.32222007215023 17.620608314871788 13.405033528804777 14.89060342311859 23.088523417711258 14.890973344445227 16.137034073472023 13.155167117714884 20.848962888121598 13.403957694768907 13.158168628811834 23.825552687048912 22.340414986014366 12.656121239066122 25.315948069095612 19.106647312641144 15.386811822652815 13.153732731938375 14.890771105885497
leaf_count=98 66 77 98 71 54 60 93 60 65 53 84 54 53 96 90 51 102 77 62 53 60
internal_value=2.52798e-06 0.000273881 0.000732008 -0.000244144 -0.000178743 -0.000231176 -0.00027941 -0.000171909 -0.000256629 -0.000178702 -0.000106099 -0.000257632 -0.000506361 0.000134719 0.000192618 5.26315e-06 0.000175737 0.000386377 0.000511888 6.08657e-05 0.000221133
internal_weight=391.411 186.381 43.4246 205.03 188.644 171.023 156.132 133.044 118.153 102.016 88.6108 60.5648 34.0071 142.956 118.631 60.3125 37.9721 58.319 34.4935 26.5577 28.0459
internal_count=1577 751 175 826 760 689 629 536 476 411 357 244 137 576 478 243 153 235 139 107 113
is_linear=0
shrinkage=0.00167704


Tree=5
num_leaves=21
num_cat=0
split_feature=1 1 1 1 1 1 1 1 1 1 1 1 1 1 1 1 1 1 1 1
split_gain=9.39021 4.83826 4.99929 2.24752 1.48656 2.38395 1.92394 3.35198 1.92346 1.32699 1.36205 1.59581 1.08632 1.7942 1.6444 0.632918 0.565285 0.545678 0.392021 0.170798
threshold=0.0052054444417174118 0.0030386524593678387 0.0040048307190119646 0.0073959544228075031 0.023332139519733182 0.017009627046576898 0.64436365811689189 0.38197877997841073 0.010314289246546296 0.15756349930236166 0.083825536468839737 0.061224779660074745 0.00030614836655979419 0.0012299843633581072 0.0016862131302390222 0.0005998771595860222 0.0022654156993902985 0.00089195184110821778 0.031152889875884483 0.013272963937056225
decision_type=2 2 2 2 2 2 2 2 2 2 2 2 2 2 2 2 2 2 2 2
left_child=1 12 -3 -2 5 8 7 9 -5 10 11 18 -1 15 -15 -14 -16 -17 -6 -10
right_child=3 2 -4 4 6 -7 -8 -9 19 -11 -12 -13 13 14 16 17 -18 -19 -20 -21
leaf_value=-0.00018293318841727059 -0.00076276414803433715 0.0013718758182087419 0.00016833849463587214 0.00024092656596208466 -0.00017257683953662544 0.00061178638767821116 0.00027412462508367459 -0.0011536390879845107 -0.00054294721911949989 0.00011589121465166307 -0.00072929085912133143 0.00028534617163040364 0.00020428823947758902 -0.00035909541453051503 0.00040231196017664379 0.00076915008822898273 -5.3064455589665061e-06 0.0003472653504626213 -0.00051609158079573972 -0.00028680079263097017
leaf_weight=24.573469698429108 20.85535441339016 20.588805735111237 18.365356534719467 20.598948299884796 14.893099218606947 14.890081062912939 14.890253841876982 13.408430993556975 16.135835558176044 20.84916678071022 20.605690136551857 13.153463393449782 23.825087115168571 22.340925723314285 20.597404390573502 17.36847996711731 17.870240271091461 17.123513996601105 25.073976576328278 13.402710646390913
leaf_count=99 84 83 74 83 60 60 60 54 65 84 83 53 96 90 83 70 72 69 101 54
internal_value=2.52375e-06 0.000280221 0.000804455 -0.00024045 -0.000182478 2.25684e-05 -0.000290992 -0.000368918 -0.00015242 -0.000257664 -0.000363302 -0.000221334 0.000138111 0.000204337 2.78301e-06 0.000414502 0.000212952 0.000559706 -0.000388086 -0.000426724
internal_weight=391.41 182.653 38.9542 208.757 187.902 65.0276 122.874 107.984 50.1375 94.5754 73.7262 53.1205 143.699 119.126 60.8086 58.3171 38.4676 34.492 39.9671 29.5385
internal_count=1577 736 157 841 757 262 495 435 202 381 297 214 579 480 245 235 155 139 161 119
is_linear=0
shrinkage=0.00167704


Tree=6
num_leaves=21
num_cat=0
split_feature=0 0 0 0 0 0 0 0 0 0 0 0 0 0 0 0 0 0 0 0
split_gain=8.60719 3.57015 3.30347 5.34238 1.77781 1.47304 3.2887 2.73307 1.13812 1.93097 2.90833 2.09585 1.18186 0.919111 0.76851 1.55597 0.720987 0.967106 0.507056 0.641761
threshold=-0.98854950023815025 -0.98524397937580932 -0.99394081102218468 -0.99216102925129224 -0.98040820006281126 0.28826266527175909 -0.47021172940731037 -0.72477956861257542 -0.97551024006679643 -0.93831331655383099 -0.91442017443478096 -0.86178290098905552 -0.96421398036181916 -0.95224487781524647 -0.99933364039316064 -0.99748608766822133 -0.99657253082841624 -0.99587486381642509 -0.99874428653856728 -0.99809952138457436
decision_type=2 2 2 2 2 2 2 2 2 2 2 2 2 2 2 2 2 2 2 2
left_child=2 -2 14 -4 -3 6 7 8 -6 12 -11 -12 -10 -14 -1 18 -17 -18 -16 -20
right_child=1 4 3 -5 5 -7 -8 -9 9 10 11 -13 13 -15 15 16 17 -19 19 -21
leaf_value=-0.00014421771622458499 -0.00099397296099072436 0.0003292941180731758 0.0013238788994070091 0.00014651555241963743 -0.00072774728737730191 0.00027367135512875509 -0.00086624025349621913 0.00049964396355753598 -0.0002483049308620904 -0.0011067778875724927 0.00023814407352139007 -0.00051654812596205343 0.00058618256524560139 -3.4906899273161146e-05 0.00019393991703825015 -0.0002454572969481382 0.00051944515469572476 -5.303510967811591e-05 0.00071543638042896693 0.00025523191126656895
leaf_weight=23.829208374023438 16.388451129198074 17.619811654090881 19.097740843892097 25.066056042909622 13.157859310507773 14.889904260635374 22.843095734715462 14.890456125140188 22.090238705277443 13.159920066595069 17.623449176549904 25.073392465710661 13.400665283203127 13.403817862272254 24.321077778935432 22.093367978930473 12.406938850879667 25.067545771598816 19.104251533746719 15.386017292737959
leaf_count=96 66 71 77 101 53 60 92 60 89 53 71 101 54 54 98 89 50 101 77 62
internal_value=-5.70567e-06 -0.000243244 0.00025499 0.000655643 -0.000177855 -0.000230254 -0.000278463 -0.000177359 -0.000262856 -0.000204461 -0.000417493 -0.000205043 3.89047e-05 0.000275601 0.000130565 0.000185877 -5.16578e-06 0.0001365 0.000379378 0.00051014
internal_weight=390.913 204.541 186.372 44.1638 188.153 170.533 155.643 132.8 117.909 104.751 55.8568 42.6968 48.8947 26.8045 142.208 118.379 59.5679 37.4745 58.8113 34.4903
internal_count=1575 824 751 178 758 687 627 535 475 422 225 172 197 108 573 477 240 151 237 139
is_linear=0
shrinkage=0.00167704


Tree=7
num_leaves=21
num_cat=0
split_feature=1 1 1 1 1 1 1 1 1 1 1 1 1 1 1 1 1 1 1 1
split_gain=8.66699 3.77007 4.90828 2.23371 1.46463 1.49373 3.55989 3.07004 1.46583 1.47975 1.01679 1.82357 1.09318 0.944365 1.81421 1.58992 0.746281 1.11064 0.389226 0.389099
threshold=0.0052054444417174118 0.0030386524593678387 0.0040048307190119646 0.0073959544228075031 0.010314289246546296 0.64436365811689189 0.25124300516278603 0.1431244951807307 0.083825536468839737 0.013272963937056225 0.00030614836655979419 0.0012036711758002818 0.0016862131302390222 0.023332139519733182 0.017009627046576898 0.061224779660074745 0.00080373213385385707 0.00048159465905797861 0.031152889875884483 0.0022654156993902985
decision_type=2 2 2 2 2 2 2 2 2 2 2 2 2 2 2 2 2 2 2 2
left_child=1 10 -3 -2 -5 6 7 8 9 -6 -1 16 -13 14 -11 18 17 -12 -15 -14
right_child=3 2 -4 4 5 -7 -8 -9 -10 13 11 12 19 15 -16 -17 -18 -19 -20 -21
leaf_value=-0.00018027500507362685 -0.00076014436449767361 0.0012864090072276118 0.00010614570832911565 0.00024029863481921394 -0.00064509069492615901 0.00027321870166244981 -0.00088215583475670183 0.00058631364326343035 -0.00070684121027073229 -0.00028589034077389002 0.00062265432424498594 -0.00028350182263571294 0.00033481585430434886 -0.00017218757131889264 0.00056803810713009428 0.00028525774633060265 0.00068677662680681625 4.1163357127594694e-05 -0.0005144685055100504 -5.3047566814110747e-06
leaf_weight=24.07769188284874 20.857940062880516 20.58410806953907 19.1093839854002 20.598275929689407 16.137227132916451 14.889554679393767 23.589176952838898 13.400757014751433 17.629054978489876 13.403318569064142 15.634702697396277 23.830935269594193 20.099869176745415 14.893386930227278 14.640560895204542 13.153402492403982 18.858689486980438 22.578890025615692 25.075930714607239 17.870238929986954
leaf_count=97 84 83 77 83 65 60 95 54 71 54 63 96 81 60 59 53 76 91 101 72
internal_value=-5.69606e-06 0.000260957 0.000718202 -0.000239542 -0.000181601 -0.000233698 -0.000283379 -0.000173318 -0.000261888 -0.000181273 0.000133993 0.000197647 -1.96042e-06 -8.90589e-05 0.000159911 -0.000220492 0.000413794 0.000279074 -0.000386928 0.000174742
internal_weight=390.913 182.645 39.6935 208.269 187.411 166.812 151.923 128.334 114.933 97.3038 142.951 118.873 61.801 81.1666 28.0439 53.1227 57.0723 38.2136 39.9693 37.9701
internal_count=1575 736 160 839 755 672 612 517 463 392 576 479 249 327 113 214 230 154 161 153
is_linear=0
shrinkage=0.00167704


Tree=8
num_leaves=21
num_cat=0
split_feature=0 0 0 0 0 0 0 0 0 0 0 0 0 0 0 0 0 0 0 0
split_gain=8.55116 3.54903 3.28357 5.30895 1.76735 1.4632 3.26551 2.71565 1.1329 1.91961 2.8964 2.08781 1.17416 0.912698 0.763011 1.54565 0.71566 0.9627 0.505593 0.641465
threshold=-0.98854950023815025 -0.98524397937580932 -0.99394081102218468 -0.99216102925129224 -0.98040820006281126 0.28826266527175909 -0.47021172940731037 -0.72477956861257542 -0.97551024006679643 -0.93831331655383099 -0.91442017443478096 -0.86178290098905552 -0.96421398036181916 -0.95224487781524647 -0.99933364039316064 -0.99748608766822133 -0.99657253082841624 -0.99587486381642509 -0.99874428653856728 -0.99809952138457436
decision_type=2 2 2 2 2 2 2 2 2 2 2 2 2 2 2 2 2 2 2 2
left_child=2 -2 14 -4 -3 6 7 8 -6 12 -11 -12 -10 -14 -1 18 -17 -18 -16 -20
right_child=1 4 3 -5 5 -7 -8 -9 9 10 11 -13 13 -15 15 16 17 -19 19 -21
leaf_value=-0.00014366944147061286 -0.00099088887928298094 0.00032842460650470655 0.0013198890378544848 0.00014613428759410288 -0.00072579751860398986 0.00027276698402670156 -0.00086318403265941903 0.00049809493384577787 -0.00024734314772743371 -0.0011039460663608074 0.00023822873784769502 -0.00051500147733099164 0.00058437207042495753 -3.4558867513844963e-05 0.00019293254128295898 -0.0002445593736106281 0.00051807096105817296 -5.3118186490373269e-05 0.00071394387002056902 0.00025382823065629473
leaf_weight=23.829859256744385 16.390802621841431 17.619012832641602 19.093360230326653 25.065554514527321 13.159083306789396 14.88920599222183 22.846377536654472 14.889245420694349 22.091292813420296 13.161649838089934 17.623520791530602 25.075255781412146 13.399381041526796 13.404052019119254 24.319814100861549 22.09434686601162 12.406035766005514 25.067439898848534 19.102711215615273 15.384895175695418
leaf_count=96 66 71 77 101 53 60 92 60 89 53 71 101 54 54 98 89 50 101 77 62
internal_value=-5.6865e-06 -0.000242441 0.00025417 0.00065364 -0.000177243 -0.000229485 -0.00027753 -0.000176779 -0.000261996 -0.000203735 -0.000416129 -0.000204113 3.89176e-05 0.000274853 0.000130123 0.000185239 -5.1657e-06 0.000135981 0.000378106 0.000508687
internal_weight=390.913 204.549 186.364 44.1589 188.158 170.539 155.65 132.803 117.914 104.755 55.8604 42.6988 48.8947 26.8034 142.205 118.375 59.5678 37.4735 58.8074 34.4876
internal_count=1575 824 751 178 758 687 627 535 475 422 225 172 197 108 573 477 240 151 237 139
is_linear=0
shrinkage=0.00167704


Tree=9
num_leaves=21
num_cat=0
split_feature=1 1 1 1 1 1 1 1 1 1 1 1 1 1 1 1 1 1 1 1
split_gain=8.60949 3.74625 4.87906 2.21854 1.456 1.48383 3.5362 3.05086 1.45816 1.4711 1.01041 1.81228 1.08661 0.937832 1.80314 1.58405 0.743959 1.10909 0.386723 0.38645
threshold=0.0052054444417174118 0.0030386524593678387 0.0040048307190119646 0.0073959544228075031 0.010314289246546296 0.64436365811689189 0.25124300516278603 0.1431244951807307 0.083825536468839737 0.013272963937056225 0.00030614836655979419 0.0012036711758002818 0.0016862131302390222 0.023332139519733182 0.017009627046576898 0.061224779660074745 0.00080373213385385707 0.00048159465905797861 0.0022654156993902985 0.031152889875884483
decision_type=2 2 2 2 2 2 2 2 2 2 2 2 2 2 2 2 2 2 2 2
left_child=1 10 -3 -2 -5 6 7 8 9 -6 -1 16 -13 14 -11 19 17 -12 -14 -15
right_child=3 2 -4 4 5 -7 -8 -9 -10 13 11 12 18 15 -16 -17 -18 -19 -20 -21
leaf_value=-0.0001797327274472085 -0.00075753437689534591 0.0012825389236697702 0.00010572477785578906 0.00023967233539972507 -0.00064306234423123609 0.00027231589938804513 -0.00087917835600807934 0.00058454968098824622 -0.00070479553537311339 -0.00028498323392788698 0.00062133003402637201 -0.00028267015448902514 0.00033378215316645974 -0.00017179974095501852 0.00056634552409867646 0.00028516775305889857 0.00068505925633023039 4.0225591779297286e-05 -5.3026732670584891e-06 -0.00051285123126077684
leaf_weight=24.078342512249947 20.860491961240768 20.57950758934021 19.108972072601318 20.597602441906929 16.138794347643852 14.888856410980223 23.592459991574287 13.399506837129591 17.630762562155724 13.403922468423845 15.633609965443609 23.831910267472267 20.098777681589127 14.893672317266462 14.6392455548048 13.153340265154837 18.856954991817474 22.577786311507225 17.870238214731216 25.077862456440926
leaf_count=97 84 83 77 83 65 60 95 54 71 54 63 96 81 60 59 53 76 91 72 101
internal_value=-5.67694e-06 0.000260101 0.000715933 -0.000238736 -0.000180991 -0.000232931 -0.000282445 -0.000172746 -0.000261032 -0.000180628 0.000133543 0.000197 -1.98567e-06 -8.86809e-05 0.000159432 -0.000219653 0.000412487 0.000277976 0.000174191 -0.000385773
internal_weight=390.913 182.636 39.6885 208.277 187.416 166.818 151.93 128.337 114.938 97.3068 142.948 118.869 61.8009 81.168 28.0432 53.1249 57.0684 38.2114 37.969 39.9715
internal_count=1575 736 160 839 755 672 612 517 463 392 576 479 249 327 113 214 230 154 153 161
is_linear=0
shrinkage=0.00167704


Tree=10
num_leaves=21
num_cat=0
split_feature=0 0 0 0 0 0 0 0 0 0 0 0 0 0 0 0 0 0 0 0
split_gain=8.49551 3.52804 3.2638 5.27574 1.75695 1.45341 3.2425 2.69833 1.12771 1.90833 2.88452 2.0798 1.16652 0.906328 0.75755 1.53539 0.71037 0.958317 0.504137 0.641167
threshold=-0.98854950023815025 -0.98524397937580932 -0.99394081102218468 -0.99216102925129224 -0.98040820006281126 0.28826266527175909 -0.47021172940731037 -0.72477956861257542 -0.97551024006679643 -0.93831331655383099 -0.91442017443478096 -0.86178290098905552 -0.96421398036181916 -0.95224487781524647 -0.99933364039316064 -0.99748608766822133 -0.99657253082841624 -0.99587486381642509 -0.99874428653856728 -0.99809952138457436
decision_type=2 2 2 2 2 2 2 2 2 2 2 2 2 2 2 2 2 2 2 2
left_child=2 -2 14 -4 -3 6 7 8 -6 12 -11 -12 -10 -14 -1 18 -17 -18 -16 -20
right_child=1 4 3 -5 5 -7 -8 -9 9 10 11 -13 13 -15 15 16 17 -19 19 -21
leaf_value=-0.00014312330675317979 -0.00098781665031679898 0.00032755748260496719 0.0013159145810131701 0.00014575411192243928 -0.00072385403386295032 0.00027186559923072525 -0.00086013988920618319 0.0004965507357975376 -0.00024638482427576184 -0.0011011239497388105 0.00023831147966177468 -0.00051346019684149014 0.00058256715483545943 -3.4212244478517113e-05 0.00019192879088458263 -0.00024366440938408546 0.00051670092121370854 -5.3200614207539232e-05 0.00071245588327022342 0.00025242934264494522
leaf_weight=23.830508708953857 16.393121659755707 17.618213787674904 19.088931798934937 25.065051317214966 13.160294517874716 14.888506829738615 22.849613308906555 14.888031363487242 22.092339679598808 13.163358688354483 17.623588770627968 25.077101856470129 13.398092195391657 13.404285371303549 24.318548619747162 22.095320418477058 12.405130490660666 25.067332997918129 19.101166769862175 15.383770644664763
leaf_count=96 66 71 77 101 53 60 92 60 89 53 71 101 54 54 98 89 50 101 77 62
internal_value=-5.66741e-06 -0.000241641 0.000253353 0.000651645 -0.000176633 -0.000228719 -0.000276599 -0.0001762 -0.00026114 -0.000203011 -0.000414769 -0.000203186 3.89302e-05 0.000274106 0.000129683 0.000184604 -5.16552e-06 0.000135463 0.00037684 0.000507238
internal_weight=390.912 204.557 186.356 44.154 188.163 170.545 155.657 132.807 117.919 104.759 55.864 42.7007 48.8947 26.8024 142.202 118.371 59.5678 37.4725 58.8035 34.4849
internal_count=1575 824 751 178 758 687 627 535 475 422 225 172 197 108 573 477 240 151 237 139
is_linear=0
shrinkage=0.00167704


Tree=11
num_leaves=21
num_cat=0
split_feature=1 1 1 1 1 1 1 1 1 1 1 1 1 1 1 1 1 1 1 1
split_gain=8.55237 3.72257 4.85002 2.20348 1.44742 1.47399 3.51267 3.0318 1.45053 1.4625 1.00408 1.80106 1.08008 0.931344 1.79215 1.57821 0.741645 1.10755 0.38436 0.383694
threshold=0.0052054444417174118 0.0030386524593678387 0.0040048307190119646 0.0073959544228075031 0.010314289246546296 0.64436365811689189 0.25124300516278603 0.1431244951807307 0.083825536468839737 0.013272963937056225 0.00030614836655979419 0.0012036711758002818 0.0016862131302390222 0.023332139519733182 0.017009627046576898 0.061224779660074745 0.00080373213385385707 0.00048159465905797861 0.0022654156993902985 0.031152889875884483
decision_type=2 2 2 2 2 2 2 2 2 2 2 2 2 2 2 2 2 2 2 2
left_child=1 10 -3 -2 -5 6 7 8 9 -6 -1 16 -13 14 -11 19 17 -12 -14 -15
right_child=3 2 -4 4 5 -7 -8 -9 -10 13 11 12 18 15 -16 -17 -18 -19 -20 -21
leaf_value=-0.00017919239171955052 -0.00075493412080712631 0.0012786833595696929 0.00010530532795538447 0.00023904760844364431 -0.00064104084464852566 0.00027141594981536395 -0.00087621273146977193 0.00058279125246966219 -0.00070275642524581525 -0.00028407936908322017 0.00062000967961334664 -0.00028184125503345411 0.00033275165392773851 -0.00017141333710771908 0.00056465824717602325 0.00028507620371529192 0.00068334717568644971 3.9291349673900363e-05 -5.3001259923580761e-06 -0.00051123939445183776
leaf_weight=24.078988835215569 20.86301064491272 20.574859321117401 19.108560159802437 20.596926257014275 16.140345245599747 14.888158142566679 23.595698237419128 13.398253083229063 17.632453843951225 13.404522746801378 15.632514417171476 23.832878738641739 20.097685933113098 14.893956050276755 14.637926131486891 13.153276160359381 18.855214804410934 22.576681420207024 17.870236113667488 25.079770296812057
leaf_count=97 84 83 77 83 65 60 95 54 71 54 63 96 81 60 59 53 76 91 72 101
internal_value=-5.6579e-06 0.000259249 0.000713672 -0.000237933 -0.000180382 -0.000232167 -0.000281513 -0.000172176 -0.000260179 -0.000179984 0.000133094 0.000196355 -2.01073e-06 -8.83045e-05 0.000158955 -0.000218817 0.000411185 0.00027688 0.000173642 -0.000384622
internal_weight=390.912 182.628 39.6834 208.284 187.421 166.824 151.936 128.341 114.942 97.3098 142.944 118.865 61.8008 81.1695 28.0424 53.127 57.0644 38.2092 37.9679 39.9737
internal_count=1575 736 160 839 755 672 612 517 463 392 576 479 249 327 113 214 230 154 153 161
is_linear=0
shrinkage=0.00167704


Tree=12
num_leaves=21
num_cat=0
split_feature=0 0 0 0 0 0 0 0 0 0 0 0 0 0 0 0 0 0 0 0
split_gain=9.09567 4.41208 5.81125 3.73839 1.66081 1.03913 3.82068 2.78106 1.22264 1.14219 1.00011 1.91793 2.11063 0.743459 1.4103 1.14594 0.85618 0.474633 0.687145 0.0166908
threshold=-0.98854950023815025 -0.99394081102218468 -0.99216102925129224 -0.98524397937580932 -0.98040820006281126 0.28826266527175909 -0.47021172940731037 -0.72477956861257542 -0.84544508531689633 -0.97551024006679643 -0.95919504482299089 -0.91442017443478096 -0.93831331655383099 -0.99933364039316064 -0.99752525368239719 -0.99657253082841624 -0.99587486381642509 -0.99874428653856728 -0.99809952138457436 -0.97089833253994573
decision_type=2 2 2 2 2 2 2 2 2 2 2 2 2 2 2 2 2 2 2 2
left_child=1 13 -3 -2 -5 6 7 8 9 -6 19 12 -12 -1 17 -16 -17 -15 -19 -11
right_child=3 2 -4 4 5 -7 -8 -9 -10 10 11 -13 -14 14 15 16 -18 18 -20 -21
leaf_value=-0.00017665353789748508 -0.0010477022905403673 0.001399830228391633 0.00017423510211740287 0.00028726179122670885 -0.00065108232094592293 0.00017385925084421731 -0.00093041981142628872 0.0004950114752949326 -0.00065079824648090682 9.3556351120701331e-05 -0.00016564152682851845 0.00013188950138463343 -0.0010204605009626971 0.00016104864512180527 -0.00031688687702856701 0.00051533471641600432 -2.2480253279259797e-05 0.0006798115284644765 0.00018827036199635258 0.00017579416859375636
leaf_weight=23.582911267876625 16.146993935108185 19.084454491734505 25.312707334756851 17.369287371635437 13.409852519631384 14.391548275947569 22.852880656719208 14.88681238889694 20.115019634366035 13.406070515513422 20.599430575966828 22.090896308422103 13.413445293903349 24.069124594330788 23.585205510258675 12.404223039746283 25.315386012196541 18.851604625582695 13.893664121627806 14.392946213483802
leaf_count=95 65 77 102 70 54 58 92 60 81 54 83 89 54 97 95 50 102 76 56 58
internal_value=-2.80765e-05 0.000239745 0.000701066 -0.00027351 -0.000206634 -0.000257228 -0.000297211 -0.000187845 -0.000274414 -0.000196613 -0.000123977 -0.000252861 -0.000502751 9.52067e-05 0.000149485 -2.69247e-05 0.000154382 0.000339836 0.000471253 0.000136135
internal_weight=389.174 186.099 44.3972 203.075 186.928 169.559 155.167 132.314 117.428 97.3126 83.9028 56.1038 34.0129 141.702 118.119 61.3048 37.7196 56.8144 32.7453 27.799
internal_count=1568 750 179 818 753 683 625 533 473 392 338 226 137 571 476 247 152 229 132 112
is_linear=0
shrinkage=0.00167704


Tree=13
num_leaves=21
num_cat=0
split_feature=1 1 1 1 1 1 1 1 1 1 1 1 1 1 1 1 1 1 1 1
split_gain=9.12146 4.96642 5.21839 2.28418 1.63346 4.35987 2.6547 2.17143 0.987709 1.66632 1.74085 0.916073 1.20667 0.78112 1.83246 1.43798 0.642888 0.547703 0.464815 0.234076
threshold=0.0052054444417174118 0.0030386524593678387 0.0040048307190119646 0.0073959544228075031 0.25124300516278603 0.55511199992644056 0.1431244951807307 0.083825536468839737 0.00030614836655979419 0.0012036711758002818 0.0016862131302390222 0.010314289246546296 0.061224779660074745 0.031152889875884483 0.017009627046576898 0.023332139519733182 0.0005998771595860222 0.00089195184110821778 0.0022654156993902985 0.013272963937056225
decision_type=2 2 2 2 2 2 2 2 2 2 2 2 2 2 2 2 2 2 2 2
left_child=1 8 -3 -2 6 -6 7 11 -1 16 -11 -5 13 14 19 -16 -10 -18 -12 -13
right_child=3 2 -4 4 5 -7 -8 -9 9 10 18 12 -14 -15 15 -17 17 -19 -20 -21
leaf_value=-0.00021269368557508492 -0.00079878312485485645 0.0013562440108214637 0.00014309613498654009 0.00020372845523876498 -0.0010422319669684372 9.8184974440992151e-05 0.00058103837964915584 -0.00075484822847316066 0.00016068728952200228 -0.00038740665935517828 0.00036533629821632524 -0.00058262064291241921 0.0002846584580990129 -0.00050946403950567201 0.00052034780684802611 -0.00022610690505288502 0.0007289916661993701 0.00029475383662440612 -5.3528417833797413e-06 -0.00028382527792187771
leaf_weight=23.831455335021019 20.617135539650917 20.570006430149078 19.356259524822235 20.34816475212574 20.617693915963173 17.372738599777222 13.396996110677717 17.385935693979263 24.068673521280289 23.585879653692245 20.344729900360107 16.390010386705402 13.152990147471426 25.081863403320312 14.389167562127115 14.646193712949751 17.114237070083618 15.629698559641836 17.870184659957886 13.404690921306608
leaf_count=96 83 83 78 82 83 70 54 70 97 95 82 66 53 101 58 59 69 63 72 54
internal_value=-2.80294e-05 0.000245374 0.00076811 -0.000269132 -0.000210482 -0.000520728 -0.00013095 -0.000201711 9.88555e-05 0.000161451 -2.91309e-05 -0.000119805 -0.000187629 -0.000261659 -0.000156008 0.000143817 0.000368766 0.000521716 0.000191993 -0.000448192
internal_weight=389.175 182.371 39.9263 206.804 186.186 37.9904 148.196 134.799 142.445 118.613 61.8008 117.413 97.0649 83.9119 58.8301 29.0354 56.8126 32.7439 38.2149 29.7947
internal_count=1568 735 161 833 750 153 597 543 574 478 249 473 391 338 237 117 229 132 154 120
is_linear=0
shrinkage=0.00167704


Tree=14
num_leaves=21
num_cat=0
split_feature=0 0 0 0 0 0 0 0 0 0 0 0 0 0 0 0 0 0 0 0
split_gain=9.03644 4.38531 5.77527 3.71636 1.65099 1.03277 3.79472 2.76343 1.21486 1.13676 0.996362 1.91114 2.09891 0.738122 1.40061 1.13741 0.852133 0.471268 0.683162 0.0162467
threshold=-0.98854950023815025 -0.99394081102218468 -0.99216102925129224 -0.98524397937580932 -0.98040820006281126 0.28826266527175909 -0.47021172940731037 -0.72477956861257542 -0.84544508531689633 -0.97551024006679643 -0.95919504482299089 -0.91442017443478096 -0.93831331655383099 -0.99933364039316064 -0.99752525368239719 -0.99657253082841624 -0.99587486381642509 -0.99874428653856728 -0.99809952138457436 -0.97089833253994573
decision_type=2 2 2 2 2 2 2 2 2 2 2 2 2 2 2 2 2 2 2 2
left_child=1 13 -3 -2 -5 6 7 8 9 -6 19 12 -12 -1 17 -16 -17 -15 -19 -11
right_child=3 2 -4 4 5 -7 -8 -9 -10 10 11 -13 -14 14 15 16 -18 18 -20 -21
leaf_value=-0.0001759949575914955 -0.0010444528892574621 0.001395650279466504 0.00017376038059847075 0.00028652158307651115 -0.00064932618334461345 0.00017340701745411575 -0.00092722635269892949 0.00049349522163975846 -0.00064867759308357743 9.4123385821928137e-05 -0.00016538952799620811 0.00013193892968757371 -0.0010177980574735562 0.00016051998889341878 -0.00031569943995197303 0.00051392216378658552 -2.2634806006950683e-05 0.00067760123054122175 0.0001874681532222267 0.00017525977183330027
leaf_weight=23.583681359887123 16.149353384971619 19.079633593559265 25.312066242098808 17.368612304329872 13.410955667495726 14.391209483146666 22.856197506189346 14.885603919625281 20.117012232542038 13.406448706984522 20.599681317806237 22.090941324830069 13.415063738822935 24.068463891744614 23.586571291089058 12.403280615806578 25.315185159444809 18.849318668246269 13.893078327178953 14.392537340521804
leaf_count=95 65 77 102 70 54 58 92 60 81 54 83 89 54 97 95 50 102 76 56 58
internal_value=-2.79824e-05 0.000238977 0.000698931 -0.000272604 -0.000205924 -0.000256365 -0.000296223 -0.000187226 -0.000273513 -0.00019596 -0.000123495 -0.000252134 -0.000501571 9.4882e-05 0.000148967 -2.68322e-05 0.000153806 0.000338673 0.000469631 0.000136131
internal_weight=389.175 186.091 44.3917 203.084 186.934 169.566 155.174 132.318 117.433 97.3156 83.9047 56.1057 34.0147 141.7 118.116 61.305 37.7185 56.8109 32.7424 27.799
internal_count=1568 750 179 818 753 683 625 533 473 392 338 226 137 571 476 247 152 229 132 112
is_linear=0
shrinkage=0.00167704


Tree=15
num_leaves=21
num_cat=0
split_feature=1 1 1 1 1 1 1 1 1 1 1 1 1 1 1 1 1 1 1 1
split_gain=9.0609 4.93506 5.18736 2.26868 1.62294 4.33333 2.63804 2.15858 0.981502 1.65604 1.7301 0.910559 1.20156 0.775911 1.8259 1.43176 0.639079 0.544112 0.4622 0.231981
threshold=0.0052054444417174118 0.0030386524593678387 0.0040048307190119646 0.0073959544228075031 0.25124300516278603 0.55511199992644056 0.1431244951807307 0.083825536468839737 0.00030614836655979419 0.0012036711758002818 0.0016862131302390222 0.010314289246546296 0.061224779660074745 0.031152889875884483 0.017009627046576898 0.023332139519733182 0.0005998771595860222 0.00089195184110821778 0.0022654156993902985 0.013272963937056225
decision_type=2 2 2 2 2 2 2 2 2 2 2 2 2 2 2 2 2 2 2 2
left_child=1 8 -3 -2 6 -6 7 11 -1 16 -11 -5 13 14 19 -16 -10 -18 -12 -13
right_child=3 2 -4 4 5 -7 -8 -9 9 10 18 12 -14 -15 15 -17 17 -19 -20 -21
leaf_value=-0.00021204100680589935 -0.00079604221782797848 0.0013521846882246777 0.00014256854343795694 0.00020319928336187473 -0.0010388570892810244 9.8046957801299064e-05 0.00057929097076970474 -0.0007524945253132105 0.00016014424560273344 -0.00038621991928628803 0.00036424522727676617 -0.00058102090486909395 0.00028431083533536877 -0.00050781791513657441 0.00051947167095317114 -0.00022536934533020161 0.00072672396312320909 0.00029389365114115834 -5.4050493144916e-06 -0.00028357166397857876
leaf_weight=23.832223698496819 20.619700834155083 20.564943969249725 19.355731844902039 20.347594812512398 20.620826333761215 17.372593820095062 13.395735114812849 17.387826398015022 24.067992508411407 23.587238058447838 20.343547776341438 16.391241431236271 13.152750656008719 25.083785861730576 14.388490661978723 14.646725609898565 17.112093165516853 15.628985121846197 17.870131686329842 13.40485869348049
leaf_count=96 83 83 78 82 83 70 54 70 97 95 82 66 53 101 58 59 69 63 72 54
internal_value=-2.79354e-05 0.000244571 0.000765696 -0.000268226 -0.000209774 -0.000519005 -0.000130497 -0.00020103 9.85211e-05 0.000160922 -2.90677e-05 -0.000119365 -0.000186982 -0.000260852 -0.000155553 0.000143739 0.000367606 0.000520112 0.000191383 -0.000447203
internal_weight=389.175 182.363 39.9207 206.812 186.192 37.9934 148.199 134.803 142.442 118.61 61.8009 117.415 97.0679 83.9151 58.8313 29.0352 56.8091 32.7411 38.2137 29.7961
internal_count=1568 735 161 833 750 153 597 543 574 478 249 473 391 338 237 117 229 132 154 120
is_linear=0
shrinkage=0.00167704


Tree=16
num_leaves=21
num_cat=0
split_feature=0 0 0 0 0 0 0 0 0 0 0 0 0 0 0 0 0 0 0 0
split_gain=8.9776 4.35872 5.73954 3.69447 1.64124 1.02645 3.76894 2.74591 1.20713 1.13135 0.992633 1.90438 2.08726 0.732822 1.39099 1.12893 0.848107 0.467926 0.679204 0.0158101
threshold=-0.98854950023815025 -0.99394081102218468 -0.99216102925129224 -0.98524397937580932 -0.98040820006281126 0.28826266527175909 -0.47021172940731037 -0.72477956861257542 -0.84544508531689633 -0.97551024006679643 -0.95919504482299089 -0.91442017443478096 -0.93831331655383099 -0.99933364039316064 -0.99752525368239719 -0.99657253082841624 -0.99587486381642509 -0.99874428653856728 -0.99809952138457436 -0.97089833253994573
decision_type=2 2 2 2 2 2 2 2 2 2 2 2 2 2 2 2 2 2 2 2
left_child=1 13 -3 -2 -5 6 7 8 9 -6 19 12 -12 -1 17 -16 -17 -15 -19 -11
right_child=3 2 -4 4 5 -7 -8 -9 -10 10 11 -13 -14 14 15 16 -18 18 -20 -21
leaf_value=-0.00017533838448931588 -0.0010412161373925582 0.001391487022156415 0.00017328704620312184 0.00028578339504701806 -0.00064757505257508866 0.00017295585677122314 -0.00092404551835896325 0.00049198371425740722 -0.0006465646316983801 9.4687964672505624e-05 -0.00016513843234861503 0.00013198709180694293 -0.001015144762154304 0.00015999301063428543 -0.00031451616580080411 0.00051251368612157398 -2.2788473794394217e-05 0.00067539844368026528 0.00018666885879299955 0.00017472675654963513
leaf_weight=23.584445789456367 16.151679903268814 19.074758216738701 25.311423227190971 17.367936015129089 13.412048622965811 14.390870690345762 22.859464257955551 14.88439120352268 20.118981078267097 13.40682488679886 20.599928811192505 22.09098352491857 13.416662424802778 24.067802250385284 23.587927252054214 12.402336001396177 25.314985334873199 18.847022235393524 13.892493367195128 14.392127737402907
leaf_count=95 65 77 102 70 54 58 92 60 81 54 83 89 54 97 95 50 102 76 56 58
internal_value=-2.78885e-05 0.000238211 0.000696803 -0.000271703 -0.000205216 -0.000255506 -0.000295239 -0.000186609 -0.000272616 -0.000195308 -0.000123016 -0.000251409 -0.000500394 9.45585e-05 0.000148451 -2.67401e-05 0.000153231 0.000337513 0.000468014 0.000136126
internal_weight=389.175 186.083 44.3862 203.092 186.94 169.572 155.181 132.322 117.438 97.3186 83.9065 56.1076 34.0166 141.697 118.113 61.3052 37.7173 56.8073 32.7395 27.799
internal_count=1568 750 179 818 753 683 625 533 473 392 338 226 137 571 476 247 152 229 132 112
is_linear=0
shrinkage=0.00167704


Tree=17
num_leaves=21
num_cat=0
split_feature=1 1 1 1 1 1 1 1 1 1 1 1 1 1 1 1 1 1 1 1
split_gain=9.00075 4.9039 5.15654 2.2533 1.61249 4.30698 2.62148 2.1458 0.975334 1.64583 1.71943 0.905078 1.19647 0.770738 1.81937 1.42557 0.635295 0.540545 0.459598 0.229903
threshold=0.0052054444417174118 0.0030386524593678387 0.0040048307190119646 0.0073959544228075031 0.25124300516278603 0.55511199992644056 0.1431244951807307 0.083825536468839737 0.00030614836655979419 0.0012036711758002818 0.0016862131302390222 0.010314289246546296 0.061224779660074745 0.031152889875884483 0.017009627046576898 0.023332139519733182 0.0005998771595860222 0.00089195184110821778 0.0022654156993902985 0.013272963937056225
decision_type=2 2 2 2 2 2 2 2 2 2 2 2 2 2 2 2 2 2 2 2
left_child=1 8 -3 -2 6 -6 7 11 -1 16 -11 -5 13 14 19 -16 -10 -18 -12 -13
right_child=3 2 -4 4 5 -7 -8 -9 9 10 18 12 -14 -15 15 -17 17 -19 -20 -21
leaf_value=-0.00021139030997420808 -0.00079331183338077497 0.0013481412748958116 0.00014204269297099314 0.00020267142209568411 -0.0010354957980323364 9.7909086024946919e-05 0.00057754896609793342 -0.00075014933539040087 0.00015960303264314206 -0.00038503728276056276 0.00036315727843239337 -0.0005794264516427311 0.00028396282091755623 -0.00050617746867239561 0.00051859728113243491 -0.00022463387360026167 0.00072446387411979061 0.00029303650064011692 -5.4563787428472864e-06 -0.00028331836688996113
leaf_weight=23.832987800240517 20.62223145365715 20.559825867414474 19.355206489562988 20.347023978829384 20.623910322785378 17.372447431087494 13.394470095634459 17.389694184064865 24.067313849925995 23.588585272431374 20.342363953590393 16.392460182309154 13.152510061860083 25.085687860846519 14.387812376022341 14.647253453731535 17.109940007328987 15.628271415829657 17.870079383254051 13.405026063323019
leaf_count=96 83 83 78 82 83 70 54 70 97 95 82 66 53 101 58 59 69 63 72 54
internal_value=-2.78417e-05 0.00024377 0.000763292 -0.000267323 -0.000209068 -0.000517288 -0.000130046 -0.000200352 9.81878e-05 0.000160395 -2.90046e-05 -0.000118927 -0.000186337 -0.000260047 -0.0001551 0.000143661 0.00036645 0.000518513 0.000190775 -0.000446216
internal_weight=389.175 182.355 39.915 206.821 186.198 37.9964 148.202 134.807 142.44 118.607 61.801 117.418 97.0707 83.9182 58.8326 29.0351 56.8055 32.7382 38.2124 29.7975
internal_count=1568 735 161 833 750 153 597 543 574 478 249 473 391 338 237 117 229 132 154 120
is_linear=0
shrinkage=0.00167704


Tree=18
num_leaves=21
num_cat=0
split_feature=0 0 0 0 0 0 0 0 0 0 0 0 0 0 0 0 0 0 0 0
split_gain=8.23134 4.14396 3.74591 5.02003 1.69255 1.81479 3.05031 1.74429 1.6383 1.496 2.16888 0.888769 1.76867 0.768434 0.70025 1.06023 1.24749 0.741727 1.18285 1.0165
threshold=-0.98854950023815025 -0.98524397937580932 -0.99394081102218468 -0.99216102925129224 -0.95919504482299089 0.28826266527175909 -0.20104157924652091 -0.69250681251287449 -0.78387310355901707 -0.91442017443478096 -0.93831331655383099 -0.9724680078215896 -0.98040820006281126 -0.86178290098905552 -0.99933364039316064 -0.99809952138457436 -0.99874428653856728 -0.99657253082841624 -0.99587486381642509 -0.99729440227383737
decision_type=2 2 2 2 2 2 2 2 2 2 2 2 2 2 2 2 2 2 2 2
left_child=2 -2 14 -4 11 6 7 8 9 10 -6 12 -3 -11 -1 16 -16 19 -19 -17
right_child=1 4 3 -5 5 -7 -8 -9 -10 13 -12 -13 -14 -15 15 17 -18 18 -20 -21
leaf_value=-0.00014061281503907611 -0.0010627101372402106 0.00032447935245836856 0.0013219378491751677 0.00018182686541356416 -0.0001648880749578283 0.00028904360378471759 -0.0011186485039688984 0.00016775390695090249 -0.00089701004417727681 0.00023913874567084808 -0.0010413532407324911 0.00036823153997478424 -0.00038786429429529974 -0.00027825100628037962 0.00012899312377519134 0.00011828582443922933 0.00070437253534049392 0.00064633942449866127 1.3116112387851363e-05 -0.00043790141014013673
leaf_weight=23.833472728729248 15.656925335526465 17.615355104207993 19.317478626966476 24.814154013991356 20.600174546241753 14.390532761812208 12.67507182061672 22.341838493943214 13.41232345998287 17.62429516017437 12.921263888478277 19.108081802725792 22.103338226675987 14.898011595010763 23.819041877985001 22.582078516483307 19.092634931206703 12.40138992667198 25.066578805446625 15.643943041563032
leaf_count=96 63 71 78 100 83 58 51 90 54 71 52 77 89 60 96 91 77 50 101 63
internal_value=-4.16994e-07 -0.000233814 0.000253967 0.000680881 -0.000164668 -0.000272269 -0.000342833 -0.000246234 -0.000362641 -0.00025412 -0.000502733 7.10377e-05 -7.19378e-05 2.12977e-06 0.000121697 0.000174408 0.000384996 5.50231e-05 0.000222704 -0.000109333
internal_weight=389.918 203.347 186.571 44.1316 187.69 128.864 114.473 101.798 79.4561 66.0437 33.5214 58.8268 39.7187 32.5223 142.439 118.606 42.9117 75.694 37.468 38.226
internal_count=1571 819 752 178 756 519 461 410 320 266 135 237 160 131 574 478 173 305 151 154
is_linear=0
shrinkage=0.00167704


Tree=19
num_leaves=22
num_cat=0
split_feature=1 1 1 1 1 1 1 1 1 1 1 1 1 1 1 1 1 1 1 1 1
split_gain=8.2375 4.12497 4.65293 2.65747 1.48664 2.20082 1.85718 3.30417 1.69408 1.23986 1.10875 1.54975 0.937689 1.24125 2.11198 0.766125 0.690466 0.532828 0.369295 0.454273 0.24948
threshold=0.0052054444417174118 0.0030386524593678387 0.0040048307190119646 0.0073959544228075031 0.023332139519733182 0.017009627046576898 0.64436365811689189 0.38197877997841073 0.010314289246546296 0.15756349930236166 0.083825536468839737 0.061224779660074745 0.00030614836655979419 0.0012299843633581072 0.0016862131302390222 0.0005998771595860222 0.00089195184110821778 0.0022654156993902985 0.041587731334065521 0.030573449167667546 0.013272963937056225
decision_type=2 2 2 2 2 2 2 2 2 2 2 2 2 2 2 2 2 2 2 2 2
left_child=1 12 -3 -2 5 8 7 9 -5 10 11 18 -1 15 -15 -14 -17 -16 19 -6 -10
right_child=3 2 -4 4 6 -7 -8 -9 20 -11 -12 -13 13 14 17 16 -18 -19 -20 -21 -22
leaf_value=-0.00017670393280149564 -0.00081703188705368438 0.0012839575250028984 0.00014150352558285623 0.00023673521141058903 -0.00028198853364640132 0.00060294711932323288 0.00028856603469010547 -0.0011314242255132697 -0.00053061122749858524 0.00011881607928889051 -0.00067165809733548657 0.00028375610362350645 0.000128636443770008 -0.00038811635466475344 0.00044436243323609659 0.00075573468112310983 0.00028274645387196362 4.5975298141399182e-05 -0.00015471224810221484 -0.00072483870884989816 -0.00021950221468919641
leaf_weight=24.081950023770332 19.631047815084457 20.80238664150238 19.354664862155914 20.594404965639114 13.40590260922909 14.883031278848646 14.390170633792875 13.421784013509749 16.14529670774937 20.851677104830742 20.865645959973335 13.152365818619726 23.818599104881287 22.597135946154594 20.341007068753242 17.355631709098816 17.365130513906479 17.62177175283432 13.407315954566 12.673298984766005 13.156838223338125
leaf_count=97 79 84 78 83 54 60 58 54 65 84 84 53 96 91 82 70 70 71 54 51 53
internal_value=-4.16284e-07 0.000258329 0.000733324 -0.000230052 -0.000168414 3.69603e-05 -0.000277314 -0.000352868 -0.000131861 -0.000242122 -0.000344512 -0.000214834 0.00012511 0.000186137 1.78109e-05 0.000360272 0.000519176 0.000259437 -0.000380907 -0.000497193 -0.000390921
internal_weight=389.917 183.338 40.1571 206.579 186.948 64.7796 122.168 107.778 49.8965 94.3562 73.5045 52.6389 143.181 119.099 60.5599 58.5394 34.7208 37.9628 39.4865 26.0792 29.3021
internal_count=1571 739 162 832 753 261 492 434 201 380 296 212 577 480 244 236 140 153 159 105 118
is_linear=0
shrinkage=0.00167704


Tree=20
num_leaves=21
num_cat=0
split_feature=0 0 0 0 0 0 0 0 0 0 0 0 0 0 0 0 0 0 0 0
split_gain=8.17783 4.11928 3.72325 4.98884 1.6836 1.803 3.02831 1.7349 1.62825 1.48901 2.15543 0.884117 1.75803 0.765279 0.695225 1.05343 1.23934 0.736509 1.17747 1.01014
threshold=-0.98854950023815025 -0.98524397937580932 -0.99394081102218468 -0.99216102925129224 -0.95919504482299089 0.28826266527175909 -0.20104157924652091 -0.69250681251287449 -0.78387310355901707 -0.91442017443478096 -0.93831331655383099 -0.9724680078215896 -0.98040820006281126 -0.86178290098905552 -0.99933364039316064 -0.99809952138457436 -0.99874428653856728 -0.99657253082841624 -0.99587486381642509 -0.99729440227383737
decision_type=2 2 2 2 2 2 2 2 2 2 2 2 2 2 2 2 2 2 2 2
left_child=2 -2 14 -4 11 6 7 8 9 10 -6 12 -3 -11 -1 16 -16 19 -19 -17
right_child=1 4 3 -5 5 -7 -8 -9 -10 13 -12 -13 -14 -15 15 17 -18 18 -20 -21
leaf_value=-0.00014007694996335919 -0.0010594053050933725 0.00032362765760810723 0.0013179768354243276 0.00018132643793819224 -0.00016460102244516761 0.00028808939677245522 -0.0011146837164581161 0.00016739059959669354 -0.0008942668041977673 0.00023879435258995665 -0.0010383070379294578 0.00036740747006907778 -0.0003865698983533287 -0.00027752945974089042 0.00012856930346460006 0.00011794944409333987 0.00070208962614714187 0.00064460004661393271 1.2798885718582953e-05 -0.00043648662511804563
leaf_weight=23.834100723266602 15.659174636006354 17.614557564258575 19.312661692500114 24.813481017947197 20.60045346617698 14.389809370040892 12.677242130041121 22.341424629092216 13.41400922834873 17.623981192708015 12.922997400164602 19.107239425182343 22.104687422513962 14.89850869774819 23.818515419960022 22.581668734550476 19.090182423591614 12.40020230412483 25.066169634461403 15.645001038908957
leaf_count=96 63 71 78 100 83 58 51 90 54 71 52 77 89 60 96 91 77 50 101 63
internal_value=-4.15553e-07 -0.000233044 0.000253151 0.000678804 -0.000164101 -0.000271414 -0.000341743 -0.000245489 -0.000361577 -0.000253387 -0.000501407 7.09832e-05 -7.16139e-05 2.26711e-06 0.000121285 0.000173809 0.00038373 5.48089e-05 0.000221905 -0.000108964
internal_weight=389.916 203.354 186.562 44.1261 187.695 128.868 114.479 101.801 79.4599 66.0459 33.5235 58.8265 39.7192 32.5225 142.436 118.602 42.9087 75.693 37.4664 38.2267
internal_count=1571 819 752 178 756 519 461 410 320 266 135 237 160 131 574 478 173 305 151 154
is_linear=0
shrinkage=0.00167704


Tree=21
num_leaves=22
num_cat=0
split_feature=1 1 1 1 1 1 1 1 1 1 1 1 1 1 1 1 1 1 1 1 1
split_gain=8.18283 4.09886 4.6254 2.63934 1.47648 2.19247 1.84465 3.28247 1.68564 1.23077 1.10161 1.54262 0.931818 1.23407 2.09941 0.761712 0.685744 0.529665 0.365309 0.449736 0.246911
threshold=0.0052054444417174118 0.0030386524593678387 0.0040048307190119646 0.0073959544228075031 0.023332139519733182 0.017009627046576898 0.64436365811689189 0.38197877997841073 0.010314289246546296 0.15756349930236166 0.083825536468839737 0.061224779660074745 0.00030614836655979419 0.0012299843633581072 0.0016862131302390222 0.0005998771595860222 0.00089195184110821778 0.0022654156993902985 0.041587731334065521 0.030573449167667546 0.013272963937056225
decision_type=2 2 2 2 2 2 2 2 2 2 2 2 2 2 2 2 2 2 2 2 2
left_child=1 12 -3 -2 5 8 7 9 -5 10 11 18 -1 15 -15 -14 -17 -16 19 -6 -10
right_child=3 2 -4 4 6 -7 -8 -9 20 -11 -12 -13 13 14 17 16 -18 -19 -20 -21 -22
leaf_value=-0.00017617281627241565 -0.00081421430490490759 0.0012801095696376521 0.00014096603611740984 0.00023601993791562127 -0.00028122896006893582 0.00060176038986246155 0.00028761343992186276 -0.0011275912073217048 -0.00052903420698415904 0.00011833893751150398 -0.00066935707520118489 0.00028342396926176838 0.0001281980420783227 -0.00038700864028725382 0.00044299562407930924 0.00075339028408603047 0.00028200173206994355 4.5784825588536257e-05 -0.00015473447707694277 -0.00072184286285923327 -0.00021953591184236619
leaf_weight=24.082577601075172 19.633476182818413 20.79733818769455 19.354125559329987 20.593623161315918 13.406401813030245 14.882066488265989 14.389447242021559 13.42398928105831 16.146481379866604 20.851176962256432 20.867852970957756 13.152135774493216 23.818053275346756 22.598332643508911 20.339499190449715 17.353323996067047 17.364439606666565 17.621594354510307 13.407296240329741 12.674986332654951 13.15681555867195
leaf_count=97 79 84 78 83 54 60 58 54 65 84 84 53 96 91 82 70 70 71 54 51 53
internal_value=-4.14837e-07 0.000257481 0.000731011 -0.000229278 -0.000167849 3.68254e-05 -0.000276372 -0.000351666 -0.00013167 -0.000241279 -0.000343287 -0.000214027 0.000124689 0.000185527 1.76911e-05 0.000359166 0.000517621 0.00025861 -0.000379708 -0.000495358 -0.000390073
internal_weight=389.915 183.329 40.1515 206.586 186.952 64.779 122.173 107.784 49.8969 94.3599 73.5087 52.6408 143.178 119.095 60.5594 58.5358 34.7178 37.9611 39.4887 26.0814 29.3033
internal_count=1571 739 162 832 753 261 492 434 201 380 296 212 577 480 244 236 140 153 159 105 118
is_linear=0
shrinkage=0.00167704


Tree=22
num_leaves=21
num_cat=0
split_feature=0 0 0 0 0 0 0 0 0 0 0 0 0 0 0 0 0 0 0 0
split_gain=8.12467 4.09477 3.70074 4.95787 1.67471 1.79128 3.00648 1.72557 1.61827 1.48206 2.14208 0.87949 1.74745 0.762141 0.690235 1.04667 1.23124 0.731327 1.1721 1.00382
threshold=-0.98854950023815025 -0.98524397937580932 -0.99394081102218468 -0.99216102925129224 -0.95919504482299089 0.28826266527175909 -0.20104157924652091 -0.69250681251287449 -0.78387310355901707 -0.91442017443478096 -0.93831331655383099 -0.9724680078215896 -0.98040820006281126 -0.86178290098905552 -0.99933364039316064 -0.99809952138457436 -0.99874428653856728 -0.99657253082841624 -0.99587486381642509 -0.99729440227383737
decision_type=2 2 2 2 2 2 2 2 2 2 2 2 2 2 2 2 2 2 2 2
left_child=2 -2 14 -4 11 6 7 8 9 10 -6 12 -3 -11 -1 16 -16 19 -19 -17
right_child=1 4 3 -5 5 -7 -8 -9 -10 13 -12 -13 -14 -15 15 17 -18 18 -20 -21
leaf_value=-0.00013954292485963851 -0.0010561135680882939 0.00032277805678637206 0.0013140308849537874 0.00018082751021166846 -0.00016431482766269219 0.00028713836580504754 -0.001110736350443975 0.00016702832017941483 -0.00089153371471650724 0.00023845080139566304 -0.0010352729249791281 0.00036658568322219697 -0.0003852796099982155 -0.00027681077499174824 0.00012814684657214286 0.00011761391007739042 0.00069981446189105057 0.00064286577554946531 1.2483318363986848e-05 -0.00043507638715040088
leaf_weight=23.83472728729248 15.6613892018795 17.613759845495224 19.30779741704464 24.812806352972984 20.600729241967194 14.389085978269575 12.679373681545256 22.341011211276054 13.415673717856405 17.623666137456894 12.924705415964125 19.106395199894905 22.106025993824005 14.899001151323324 23.817989870905876 22.581258997321129 19.087718352675438 12.399011760950087 25.065762981772423 15.646050587296484
leaf_count=96 63 71 78 100 83 58 51 90 54 71 52 77 89 60 96 91 77 50 101 63
internal_value=-4.1413e-07 -0.000232276 0.000252338 0.000676733 -0.000163536 -0.000270562 -0.000340657 -0.000244747 -0.000360516 -0.000252656 -0.000500086 7.09287e-05 -7.12911e-05 2.40365e-06 0.000120875 0.000173212 0.000382468 5.45955e-05 0.000221109 -0.000108597
internal_weight=389.914 203.361 186.553 44.1206 187.699 128.873 114.484 101.805 79.4638 66.0481 33.5254 58.8262 39.7198 32.5227 142.433 118.598 42.9057 75.6921 37.4648 38.2273
internal_count=1571 819 752 178 756 519 461 410 320 266 135 237 160 131 574 478 173 305 151 154
is_linear=0
shrinkage=0.00167704


Tree=23
num_leaves=22
num_cat=0
split_feature=1 1 1 1 1 1 1 1 1 1 1 1 1 1 1 1 1 1 1 1 1
split_gain=8.12853 4.07293 4.59805 2.62135 1.46639 2.18415 1.83221 3.26093 1.67725 1.22173 1.09451 1.53553 0.925984 1.22692 2.08692 0.757325 0.681055 0.526519 0.361359 0.44524 0.244365
threshold=0.0052054444417174118 0.0030386524593678387 0.0040048307190119646 0.0073959544228075031 0.023332139519733182 0.017009627046576898 0.64436365811689189 0.38197877997841073 0.010314289246546296 0.15756349930236166 0.083825536468839737 0.061224779660074745 0.00030614836655979419 0.0012299843633581072 0.0016862131302390222 0.0005998771595860222 0.00089195184110821778 0.0022654156993902985 0.041587731334065521 0.030573449167667546 0.013272963937056225
decision_type=2 2 2 2 2 2 2 2 2 2 2 2 2 2 2 2 2 2 2 2 2
left_child=1 12 -3 -2 5 8 7 9 -5 10 11 18 -1 15 -15 -14 -17 -16 19 -6 -10
right_child=3 2 -4 4 6 -7 -8 -9 20 -11 -12 -13 13 14 17 16 -18 -19 -20 -21 -22
leaf_value=-0.00017564324452040215 -0.00081140753991334991 0.0012762762712222925 0.0001404304173826765 0.00023530640867696977 -0.00028047147680597249 0.00060057615393335469 0.00028666409091122197 -0.0011237747793679386 -0.00052746229652767668 0.00011786323831837787 -0.0006670643328210358 0.00028309190209455272 0.00012776109234301225 -0.00038590460283591472 0.00044163297621959617 0.00075105361173652006 0.0002812591171013956 4.5595431088853585e-05 -0.00015475623721374155 -0.0007188588946309538 -0.00021956875531267271
leaf_weight=24.083203747868538 19.635869562625885 20.792241454124451 19.353586256504059 20.592841133475304 13.406898602843286 14.881099596619604 14.388723850250242 13.426156014204023 16.147656366229061 20.850676238536835 20.870032846927643 13.151904717087744 23.817508816719055 22.599520072340965 20.337988391518593 17.351006686687469 17.363750025629997 17.621417567133904 13.407275810837744 12.676649183034895 13.156792610883711
leaf_count=97 79 84 78 83 54 60 58 54 65 84 84 53 96 91 82 70 70 71 54 51 53
internal_value=-4.13404e-07 0.000256637 0.000728705 -0.000228507 -0.000167286 3.66906e-05 -0.000275434 -0.000350467 -0.00013148 -0.00024044 -0.000342067 -0.000213223 0.00012427 0.00018492 1.75717e-05 0.000358062 0.00051607 0.000257785 -0.000378514 -0.000493529 -0.000389228
internal_weight=389.913 183.32 40.1458 206.593 186.957 64.7784 122.178 107.79 49.8973 94.3634 73.5128 52.6427 143.174 119.091 60.5589 58.5323 34.7148 37.9594 39.4908 26.0835 29.3044
internal_count=1571 739 162 832 753 261 492 434 201 380 296 212 577 480 244 236 140 153 159 105 118
is_linear=0
shrinkage=0.00167704


Tree=24
num_leaves=22
num_cat=0
split_feature=0 0 0 0 0 0 0 0 0 0 0 0 0 0 0 0 0 0 0 0 0
split_gain=7.73454 3.92264 3.53186 5.2851 1.65227 1.7318 4.08215 1.48261 2.58837 1.18283 1.31384 1.33121 1.78028 0.830896 1.34724 1.05243 0.75843 0.552235 0.854617 0.71988 0.0887686
threshold=-0.98854950023815025 -0.98524397937580932 -0.99394081102218468 -0.99216102925129224 -0.98040820006281126 0.28826266527175909 -0.20104157924652091 -0.69250681251287449 -0.78387310355901707 -0.97551024006679643 -0.95919504482299089 -0.91442017443478096 -0.93831331655383099 -0.99933364039316064 -0.99809952138457436 -0.99874428653856728 -0.86178290098905552 -0.99687910877401009 -0.99752525368239719 -0.99587486381642509 -0.97089833253994573
decision_type=2 2 2 2 2 2 2 2 2 2 2 2 2 2 2 2 2 2 2 2 2
left_child=2 -2 13 -4 -3 6 7 8 9 -6 20 12 -12 -1 15 -15 -13 18 -16 -19 -11
right_child=1 4 3 -5 5 -7 -8 -9 -10 10 11 16 -14 14 17 -17 -18 19 -20 -21 -22
leaf_value=-0.00017527851247828738 -0.0010281273669267709 0.00032193111211007401 0.0013101001476553647 0.00014254816152055389 -0.00064218446118849567 0.00033360295750265139 -0.0011914700739876639 0.00020988602158410311 -0.00096439551483336501 9.7801800495220844e-05 -0.00016066954534751926 0.00023790969973122269 -0.00095381428909960275 0.00016776109195669835 0.00018387955635361153 0.00069754691850483291 -0.00027609475655870403 0.00041762867987879288 -0.00036419915901663368 -2.3883627859416393e-05 0.00028745773967812292
leaf_weight=24.083635896444321 16.160825192928314 17.612961947917938 19.302886918187141 25.060710951685905 13.415359854698179 14.636437803506849 12.432796120643614 22.092595368623734 13.168776124715803 13.408871814608576 20.104943066835396 17.623171448707581 13.175033435225485 23.569380417466164 13.890438914299009 19.085243359208107 14.8994891345501 17.613099992275238 18.873622223734856 25.313560321927071 14.389199301600454
leaf_count=97 65 71 78 101 54 59 50 89 53 54 81 71 53 95 56 77 60 71 76 102 58
internal_value=-8.93982e-06 -0.000235446 0.000237366 0.000650558 -0.000166927 -0.00021777 -0.000269933 -0.000189406 -0.000262804 -0.00017647 -0.000109722 -0.000238862 -0.000474663 0.000108665 0.000166449 0.000404807 2.43069e-06 3.2125e-05 -0.000131839 0.000157272 0.000195974
internal_weight=389.913 203.12 186.793 44.3636 186.96 169.347 154.71 142.277 120.185 107.016 93.6007 65.8026 33.28 142.429 118.345 42.6546 32.5227 75.6907 32.7641 42.9267 27.7981
internal_count=1571 818 753 179 753 682 623 573 484 431 377 265 134 574 477 172 131 305 132 173 112
is_linear=0
shrinkage=0.00167704


Tree=25
num_leaves=21
num_cat=0
split_feature=1 1 1 1 1 1 1 1 1 1 1 1 1 1 1 1 1 1 1 1
split_gain=7.77463 3.98861 4.85185 2.47004 1.43327 4.99313 2.9372 2.67084 1.08549 1.55521 1.58957 0.931847 1.56849 0.827623 1.82523 1.42639 0.647579 0.615298 0.535645 0.324502
threshold=0.0052054444417174118 0.0030386524593678387 0.0040048307190119646 0.0073959544228075031 0.64436365811689189 0.25124300516278603 0.1431244951807307 0.083825536468839737 0.00030614836655979419 0.0012036711758002818 0.0016862131302390222 0.061224779660074745 0.031152889875884483 0.017009627046576898 0.010314289246546296 0.023332139519733182 0.0005998771595860222 0.00089195184110821778 0.0022654156993902985 0.013272963937056225
decision_type=2 2 2 2 2 2 2 2 2 2 2 2 2 2 2 2 2 2 2 2
left_child=1 8 -3 -2 5 6 7 11 -1 16 -11 12 13 14 -5 -15 -10 -18 -12 -16
right_child=3 2 -4 4 -6 -7 -8 -9 9 10 18 -13 -14 15 19 -17 17 -19 -20 -21
leaf_value=-0.00021058217408604537 -0.00078226479957051057 0.0012724637005029499 0.00010169608497125441 0.00023467239463460994 0.00033305315578997861 -0.00092980853603794609 0.00065729053933950799 -0.00078142765790664964 0.00016729389051499725 -0.00034478966087121276 0.00039078089488468385 0.00033462540646113842 -0.00050040851150246445 0.00058755144906856398 -0.00057311048789552416 -0.0001623518781724588 0.00074872484335061339 0.0002899259112214367 -6.0684720960624102e-06 -0.00021952006238485649
leaf_weight=24.33218477666378 20.632198005914688 20.787105336785316 19.10499407351017 20.592137217521667 14.636008769273756 23.613891318440437 13.145970389246939 17.64561353623867 23.568801507353783 23.841398254036903 20.584689632058144 13.399758651852606 25.092129439115524 14.136139556765558 16.397247120738033 14.40115065872669 17.348678946495056 15.625661611557005 17.869496092200279 13.156823813915251
leaf_count=98 83 84 77 83 59 95 53 71 95 96 83 54 101 57 66 58 70 63 72 53
internal_value=-8.92482e-06 0.000242801 0.000711763 -0.000231704 -0.000170703 -0.000213674 -9.93872e-05 -0.000173168 0.000112132 0.000178208 -4.56862e-06 -8.15698e-05 -0.00013531 -1.88802e-05 -0.00014863 0.000209118 0.000379579 0.000531312 0.000206367 -0.0004157
internal_weight=389.912 183.063 39.8921 206.849 186.217 171.581 147.967 134.821 143.171 118.839 62.2956 117.175 103.776 78.6835 50.1462 28.5373 56.5431 32.9743 38.4542 29.5541
internal_count=1571 738 161 833 750 691 596 543 577 479 251 472 418 317 202 115 228 133 155 119
is_linear=0
shrinkage=0.00167704


Tree=26
num_leaves=22
num_cat=0
split_feature=0 0 0 0 0 0 0 0 0 0 0 0 0 0 0 0 0 0 0 0 0
split_gain=7.68437 3.89949 3.51062 5.25219 1.64259 1.72024 4.05772 1.47686 2.57529 1.17726 1.30831 1.32725 1.7698 0.824962 1.33858 1.04555 0.756297 0.549023 0.848445 0.717238 0.0875129
threshold=-0.98854950023815025 -0.98524397937580932 -0.99394081102218468 -0.99216102925129224 -0.98040820006281126 0.28826266527175909 -0.20104157924652091 -0.69250681251287449 -0.78387310355901707 -0.97551024006679643 -0.95919504482299089 -0.91442017443478096 -0.93831331655383099 -0.99933364039316064 -0.99809952138457436 -0.99874428653856728 -0.86178290098905552 -0.99687910877401009 -0.99752525368239719 -0.99587486381642509 -0.97089833253994573
decision_type=2 2 2 2 2 2 2 2 2 2 2 2 2 2 2 2 2 2 2 2 2
left_child=2 -2 13 -4 -3 6 7 8 9 -6 20 12 -12 -1 15 -15 -13 18 -16 -19 -11
right_child=1 4 3 -5 5 -7 -8 -9 -10 10 11 16 -14 14 17 -17 -18 19 -20 -21 -22
leaf_value=-0.00017462567052074814 -0.0010249544492972062 0.0003210842966373338 0.0013061873744021476 0.00014218707104519322 -0.00064047292224896296 0.00033250429168814295 -0.0011877288646016783 0.00020978074621402486 -0.00096176613193315729 9.8299993786609904e-05 -0.00016051464308337209 0.00023793587163689186 -0.00095129392394614374 0.00016721075820649254 0.00018309266046599587 0.00069528482091187353 -0.00027534064125310552 0.00041666047401349779 -0.00036300336501204992 -2.4048871670106667e-05 0.00028661063475295828
leaf_weight=24.084403410553932 16.162980273365974 17.612161159515381 19.297932699322701 25.060201987624168 13.416398227214811 14.635579735040663 12.434715688228605 22.092381417751312 13.170292034745215 13.409197032451631 20.105079844593995 17.623180821537971 13.176455244421957 23.568698823451996 13.889855623245237 19.082756444811821 14.89999589323998 17.612159967422485 18.874697297811508 25.313341900706291 14.388535439968107
leaf_count=97 65 71 78 101 54 59 50 89 53 54 81 71 53 95 56 77 60 71 76 102 58
internal_value=-8.90987e-06 -0.000234672 0.000236606 0.000648583 -0.000166352 -0.000217045 -0.00026903 -0.00018874 -0.000261994 -0.000175876 -0.000109283 -0.000238148 -0.000473591 0.000108296 0.000165876 0.000403477 2.78609e-06 3.19868e-05 -0.000131497 0.000156772 0.000195772
internal_weight=389.911 203.127 186.784 44.3581 186.964 169.352 154.716 142.282 120.189 107.019 93.6024 65.8047 33.2815 142.426 118.342 42.6515 32.5232 75.6901 32.7646 42.9255 27.7977
internal_count=1571 818 753 179 753 682 623 573 484 431 377 265 134 574 477 172 131 305 132 173 112
is_linear=0
shrinkage=0.00167704


Tree=27
num_leaves=21
num_cat=0
split_feature=1 1 1 1 1 1 1 1 1 1 1 1 1 1 1 1 1 1 1 1
split_gain=7.72307 3.96342 4.82316 2.45326 1.42369 4.96834 2.92523 2.6538 1.07866 1.54564 1.58097 0.928557 1.55934 0.825238 1.81671 1.41993 0.643751 0.611298 0.532945 0.321728
threshold=0.0052054444417174118 0.0030386524593678387 0.0040048307190119646 0.0073959544228075031 0.64436365811689189 0.25124300516278603 0.1431244951807307 0.083825536468839737 0.00030614836655979419 0.0012036711758002818 0.0016862131302390222 0.061224779660074745 0.031152889875884483 0.017009627046576898 0.010314289246546296 0.023332139519733182 0.0005998771595860222 0.00089195184110821778 0.0022654156993902985 0.013272963937056225
decision_type=2 2 2 2 2 2 2 2 2 2 2 2 2 2 2 2 2 2 2 2
left_child=1 8 -3 -2 5 6 7 11 -1 16 -11 12 13 14 -5 -15 -10 -18 -12 -16
right_child=3 2 -4 4 -6 -7 -8 -9 9 10 18 -13 -14 15 19 -17 17 -19 -20 -21
leaf_value=-0.0002099353310633946 -0.00077957979680329953 0.0012686654300208429 0.00010128913259412085 0.00023404011187534688 0.00033195644041065375 -0.00092726721377907296 0.00065620979821874028 -0.00077885382190686974 0.00016672856742992587 -0.00034387376064048231 0.00038974292736957013 0.0003341989423562112 -0.00049892782946733241 0.00058645004466753602 -0.00057154116815993417 -0.00016175997713120492 0.00074640399076552765 0.00028907872602305928 -6.1108363650949377e-06 -0.00021947121599761343
leaf_weight=24.332953199744225 20.634555265307426 20.781922191381454 19.104590192437172 20.591432631015778 14.63515070080757 23.616425305604935 13.145180642604826 17.647606462240219 23.568100586533546 23.842436715960503 20.58351831138134 13.399454712867735 25.093768745660782 14.135278567671778 16.398412540555004 14.401563212275503 17.34633994102478 15.624945819377897 17.869449466466904 13.156855121254919
leaf_count=98 83 84 77 83 59 95 53 71 95 96 83 54 101 57 66 58 70 63 72 53
internal_value=-8.89492e-06 0.000242005 0.000709523 -0.000230925 -0.000170131 -0.000212956 -9.89492e-05 -0.000172576 0.000111755 0.000177625 -4.58629e-06 -8.12666e-05 -0.00013491 -1.88179e-05 -0.000148379 0.000208854 0.000378386 0.00052968 0.000205786 -0.000414813
internal_weight=389.91 183.054 39.8865 206.856 186.221 171.586 147.97 134.824 143.168 118.835 62.2954 117.177 103.777 78.6835 50.1467 28.5368 56.5394 32.9713 38.453 29.5553
internal_count=1571 738 161 833 750 691 596 543 577 479 251 472 418 317 202 115 228 133 155 119
is_linear=0
shrinkage=0.00167704


Tree=28
num_leaves=22
num_cat=0
split_feature=0 0 0 0 0 0 0 0 0 0 0 0 0 0 0 0 0 0 0 0 0
split_gain=7.63452 3.87649 3.48952 5.2195 1.63297 1.70876 4.03344 1.47114 2.56229 1.17172 1.30281 1.32331 1.75938 0.81907 1.32996 1.03872 0.754172 0.545831 0.842315 0.714607 0.0862702
threshold=-0.98854950023815025 -0.98524397937580932 -0.99394081102218468 -0.99216102925129224 -0.98040820006281126 0.28826266527175909 -0.20104157924652091 -0.69250681251287449 -0.78387310355901707 -0.97551024006679643 -0.95919504482299089 -0.91442017443478096 -0.93831331655383099 -0.99933364039316064 -0.99809952138457436 -0.99874428653856728 -0.86178290098905552 -0.99687910877401009 -0.99752525368239719 -0.99587486381642509 -0.97089833253994573
decision_type=2 2 2 2 2 2 2 2 2 2 2 2 2 2 2 2 2 2 2 2 2
left_child=2 -2 13 -4 -3 6 7 8 9 -6 20 12 -12 -1 15 -15 -13 18 -16 -19 -11
right_child=1 4 3 -5 5 -7 -8 -9 -10 10 11 16 -14 14 17 -17 -18 19 -20 -21 -22
leaf_value=-0.00017397520274155262 -0.0010217937650422513 0.00032023985856193866 0.0013022894743772186 0.00014182714655301234 -0.00063876625115103555 0.00033140952691333459 -0.001184002203976671 0.00020967456897966121 -0.00095914616201649009 9.879617623692148e-05 -0.00016036000124366025 0.00023796047919072012 -0.00094878201592910993 0.00016666225091507822 0.00018230839356092818 0.0006930303418788157 -0.00027458947187988548 0.00041569472756738897 -0.00036181144905312468 -2.4213158745160311e-05 0.00028576591100230853
leaf_weight=24.085168033838272 16.165101453661919 17.611360237002373 19.292934536933899 25.059691622853279 13.4174258261919 14.634721666574476 12.436602294445036 22.092159539461136 13.171785995364187 13.409520238637926 20.105216026306145 17.623187378048897 13.177859172224997 23.568018645048141 13.889273166656492 19.080257877707481 14.900497376918798 17.611218735575676 18.875764474272728 25.313123479485512 14.387871056795118
leaf_count=97 65 71 78 101 54 59 50 89 53 54 81 71 53 95 56 77 60 71 76 102 58
internal_value=-8.87999e-06 -0.000233901 0.000235848 0.000646616 -0.00016578 -0.000216321 -0.00026813 -0.000188077 -0.000261186 -0.000175283 -0.000108847 -0.000237436 -0.000472522 0.000107929 0.000165304 0.000402152 3.13932e-06 3.18492e-05 -0.000131156 0.000156274 0.000195571
internal_weight=389.909 203.133 186.775 44.3526 186.968 169.357 154.722 142.286 120.193 107.022 93.6042 65.8068 33.2831 142.423 118.338 42.6483 32.5237 75.6894 32.765 42.9243 27.7974
internal_count=1571 818 753 179 753 682 623 573 484 431 377 265 134 574 477 172 131 305 132 173 112
is_linear=0
shrinkage=0.00167704


Tree=29
num_leaves=21
num_cat=0
split_feature=1 1 1 1 1 1 1 1 1 1 1 1 1 1 1 1 1 1 1 1
split_gain=7.67185 3.93838 4.79465 2.4366 1.41418 4.94369 2.9133 2.63687 1.07187 1.53614 1.57243 0.925278 1.55025 0.822863 1.80823 1.4135 0.639947 0.607325 0.530259 0.318976
threshold=0.0052054444417174118 0.0030386524593678387 0.0040048307190119646 0.0073959544228075031 0.64436365811689189 0.25124300516278603 0.1431244951807307 0.083825536468839737 0.00030614836655979419 0.0012036711758002818 0.0016862131302390222 0.061224779660074745 0.031152889875884483 0.017009627046576898 0.010314289246546296 0.023332139519733182 0.0005998771595860222 0.00089195184110821778 0.0022654156993902985 0.013272963937056225
decision_type=2 2 2 2 2 2 2 2 2 2 2 2 2 2 2 2 2 2 2 2
left_child=1 8 -3 -2 5 6 7 11 -1 16 -11 12 13 14 -5 -15 -10 -18 -12 -16
right_child=3 2 -4 4 -6 -7 -8 -9 9 10 18 -13 -14 15 19 -17 17 -19 -20 -21
leaf_value=-0.00020929076810896331 -0.00077690481521361019 0.0012648814906572974 0.00010088354957866281 0.00023340948769633033 0.0003308635068804407 -0.00092473518934110355 0.00065513030681374896 -0.00077628907768059893 0.00016616504601608698 -0.00034296059814931259 0.0003887078565707667 0.00033377239059456887 -0.00049745229930201439 0.00058535129872706849 -0.00056997718848973982 -0.00016116947794066194 0.00074409085881074809 0.00028823431348549457 -6.152459772500229e-06 -0.00021942210417876117
leaf_weight=24.333715841174126 20.636878073215485 20.776693001389503 19.104186311364174 20.590727373957634 14.634292632341383 23.618921503424644 13.144387781620024 17.649572774767876 23.567400142550468 23.843468472361565 20.582345247268677 13.399150371551512 25.095389798283577 14.134415805339815 16.399566471576694 14.401974469423292 17.343992173671722 15.624229848384855 17.869402527809143 13.156886413693426
leaf_count=98 83 84 77 83 59 95 53 71 95 96 83 54 101 57 66 58 70 63 72 53
internal_value=-8.86512e-06 0.000241212 0.00070729 -0.00023015 -0.00016956 -0.00021224 -9.85129e-05 -0.000171986 0.000111378 0.000177044 -4.60375e-06 -8.09645e-05 -0.000134512 -1.87559e-05 -0.000148128 0.000208591 0.000377196 0.000528052 0.000205207 -0.00041393
internal_weight=389.908 183.045 39.8809 206.862 186.225 171.591 147.972 134.828 143.165 118.831 62.2952 117.178 103.779 78.6836 50.1472 28.5364 56.5356 32.9682 38.4517 29.5565
internal_count=1571 738 161 833 750 691 596 543 577 479 251 472 418 317 202 115 228 133 155 119
is_linear=0
shrinkage=0.00167704


Tree=30
num_leaves=22
num_cat=0
split_feature=0 0 0 0 0 0 0 0 0 0 0 0 0 0 0 0 0 0 0 0 0
split_gain=7.71512 3.5604 4.72161 2.83049 2.05652 1.18484 4.2011 2.69789 1.12301 1.45418 0.866337 1.65225 2.20383 0.775014 1.34851 1.03759 1.10325 0.472095 0.786942 0.137949 0.0168811
threshold=-0.98854950023815025 -0.99394081102218468 -0.99216102925129224 -0.98524397937580932 -0.98040820006281126 0.28826266527175909 -0.47021172940731037 -0.72477956861257542 -0.82653750479221333 -0.97551024006679643 -0.95919504482299089 -0.91442017443478096 -0.93831331655383099 -0.99933364039316064 -0.99748608766822133 -0.99657253082841624 -0.99587486381642509 -0.99874428653856728 -0.99809952138457436 -0.87562826089560974 -0.97006631875410665
decision_type=2 2 2 2 2 2 2 2 2 2 2 2 2 2 2 2 2 2 2 2 2
left_child=1 13 -3 -2 -5 6 7 8 9 -6 20 12 -12 -1 17 -16 -17 -15 -19 -13 -11
right_child=3 2 -4 4 5 -7 -8 -9 -10 10 11 19 -14 14 15 16 -18 18 -20 -21 -22
leaf_value=-0.00017332711908185682 -0.00091491439147359569 0.0012758377022513035 0.00017032950815730588 0.00035773910469137415 -0.00070752343658347634 0.00021571819511271626 -0.00095139372471571607 0.00051615269461844997 -0.00066015616592394262 0.00017349103013519269 -0.00012474897417924234 -3.0479649959912487e-05 -0.00099588295037113662 0.0001565553748235819 -0.00030910399494657226 0.00055239140797293587 -5.5237865416388725e-05 0.00069078332197610023 0.00018319107010174592 0.00021012847414063723 9.061987024521608e-05
leaf_weight=24.085928320884705 16.167190670967102 19.040628224611282 25.307282611727715 17.858581557869911 13.170125678181646 14.63386359810829 22.627359494566917 14.38574582338333 16.408366084098816 14.899206563830377 20.84968422353267 13.40675635635853 13.427843436598776 24.063464522361755 22.106426805257797 12.643033251166342 25.064701676368713 19.077749714255333 15.626136243343351 13.400145605206502 12.89784036576747
leaf_count=97 65 77 102 72 53 59 91 58 66 60 84 54 54 97 89 51 101 77 63 54 52
internal_value=-1.61273e-05 0.000229945 0.000644976 -0.000241565 -0.00018365 -0.000240487 -0.000283427 -0.000169654 -0.000252938 -0.000187463 -0.000110403 -0.000222093 -0.000466006 0.000100933 0.00015664 -2.06273e-05 0.000148494 0.000337065 0.00046223 8.97947e-05 0.000135039
internal_weight=391.148 187.015 44.3479 204.133 187.966 170.107 155.473 132.846 118.46 102.052 88.8815 61.0844 34.2775 142.667 118.582 59.8142 37.7077 58.7674 34.7039 26.8069 27.797
internal_count=1576 754 179 822 757 685 626 535 477 411 358 246 138 575 478 241 152 237 140 108 112
is_linear=0
shrinkage=0.00167704


Tree=31
num_leaves=22
num_cat=0
split_feature=1 1 1 1 1 1 1 1 1 1 1 1 1 1 1 1 1 1 1 1 1
split_gain=7.74264 4.00716 4.29364 1.69023 1.76974 4.08895 1.0213 1.59599 1.62008 0.960244 1.60278 0.839907 0.728312 1.12479 1.838 0.645614 0.632963 0.662091 0.522883 1.29376 0.280583
threshold=0.0052054444417174118 0.0030386524593678387 0.0040048307190119646 0.0073959544228075031 0.21863117948303404 0.64436365811689189 0.00030614836655979419 0.0012299843633581072 0.0016862131302390222 0.0098411358352386898 0.012325979994730679 0.38197877997841073 0.12296741798552104 0.023332139519733182 0.017009627046576898 0.0022654156993902985 0.0005998771595860222 0.00089195184110821778 0.041587731334065521 0.068134138066707275 0.030573449167667546
decision_type=2 2 2 2 2 2 2 2 2 2 2 2 2 2 2 2 2 2 2 2 2
left_child=1 6 -3 -2 9 11 -1 16 -9 -5 -11 -6 13 14 -12 -10 -8 -18 20 -20 -15
right_child=3 2 -4 4 5 -7 7 8 15 10 12 -13 -14 18 -16 -17 17 -19 19 -21 -22
leaf_value=-0.00020864830187997216 -0.00069313622469278978 0.0012397753410535873 0.00013869696277423344 0.00026322863324234859 -0.00059055945792783925 0.00021536053462491831 0.00015606382500174624 -0.00038459175637423841 0.0003875596229297527 -0.00070601876987148849 -0.00023538090327996733 -0.0011893969370463055 0.00024493507977752297 -0.00027813869731450788 0.00055438496642083593 -4.9784500115647926e-05 0.00074178547034092139 0.00027849783197594132 0.00018596427462249512 -0.00042881608410192111 -0.0006210986692851587
leaf_weight=24.334475800395012 20.639037176966667 20.524227395653725 19.351834684610367 17.858004167675972 13.163509190082552 14.63358314335346 24.062838986515999 22.106807738542557 20.581036359071732 13.171018823981283 19.118336528539658 13.185316041111944 15.886846423149107 13.408420309424402 14.629708349704741 17.621194496750832 17.341633349657059 17.361139580607414 17.873291775584221 20.866890504956245 13.427847594022749
leaf_count=98 83 83 78 72 53 59 97 89 83 53 77 53 64 54 59 71 70 70 72 84 54
internal_value=-1.61003e-05 0.000235171 0.000705423 -0.000237662 -0.000187452 -0.000495454 0.000104413 0.000168392 -2.32632e-05 -0.000101137 -0.00015182 -0.000890226 -8.84638e-05 -0.000141791 0.000106981 0.00018583 0.00036508 0.000510011 -0.000269818 -0.000145179 -0.000449743
internal_weight=391.147 183.285 39.8761 207.862 187.223 40.9824 143.409 119.075 60.309 146.24 128.382 26.3488 115.211 99.3245 33.748 38.2022 58.7656 34.7028 65.5765 38.7402 26.8363
internal_count=1576 739 161 837 754 165 578 480 243 589 517 106 464 400 136 154 237 140 264 156 108
is_linear=0
shrinkage=0.00167704


Tree=32
num_leaves=22
num_cat=0
split_feature=0 0 0 0 0 0 0 0 0 0 0 0 0 0 0 0 0 0 0 0 0
split_gain=7.66488 3.53885 4.69243 2.81401 2.04437 1.17692 4.17219 2.68634 1.11886 1.44468 0.862375 1.64458 2.19136 0.769464 1.33926 1.0298 1.09796 0.468761 0.782323 0.13834 0.0171718
threshold=-0.98854950023815025 -0.99394081102218468 -0.99216102925129224 -0.98524397937580932 -0.98040820006281126 0.28826266527175909 -0.47021172940731037 -0.72477956861257542 -0.82653750479221333 -0.97551024006679643 -0.95919504482299089 -0.91442017443478096 -0.93831331655383099 -0.99933364039316064 -0.99748608766822133 -0.99657253082841624 -0.99587486381642509 -0.99874428653856728 -0.99809952138457436 -0.87562826089560974 -0.97006631875410665
decision_type=2 2 2 2 2 2 2 2 2 2 2 2 2 2 2 2 2 2 2 2 2
left_child=1 13 -3 -2 -5 6 7 8 9 -6 20 12 -12 -1 17 -16 -17 -15 -19 -13 -11
right_child=3 2 -4 4 5 -7 -8 -9 -10 10 11 19 -14 14 15 16 -18 18 -20 -21 -22
leaf_value=-0.00017268112016666934 -0.00091211323713317181 0.0012720333345159053 0.00016985835745253914 0.00035678326474988147 -0.00070517079236597012 0.00021500343422810187 -0.00094809280414171338 0.00051526356788770872 -0.00065864650242181697 0.00017363308364577384 -0.00012449966978734671 -3.0740818290149806e-05 -0.0009931325968697861 0.00015604169387579912 -0.00030793606755776659 0.00055088743693600313 -5.5301363179129834e-05 0.00068854519078004317 0.00018242429703493862 0.00021020815643941836 9.0050830147270919e-05
leaf_weight=24.08668427169323 16.16903580725193 19.03569620847702 25.306615725159645 17.857654944062233 13.171504899859427 14.633302688598631 22.63045297563076 14.385050609707831 16.409434363245964 14.899310231208803 20.84991726279258 13.406582728028299 13.429378196597098 24.062811464071274 22.107642695307732 12.641958266496657 25.064613148570061 19.07523313164711 15.625495731830595 13.400194644927991 12.897432580590239
leaf_count=97 65 77 102 72 53 59 91 58 66 60 84 54 54 97 89 51 101 77 63 54 52
internal_value=-1.60733e-05 0.000229206 0.000643011 -0.000240768 -0.000183019 -0.000239685 -0.000282479 -0.000169094 -0.000252195 -0.000186842 -0.000110031 -0.000221462 -0.000464798 0.00010059 0.000156099 -2.05562e-05 0.000147937 0.000335913 0.000460642 8.9705e-05 0.000134852
internal_weight=391.146 187.007 44.3423 204.139 187.97 170.113 155.479 132.849 118.464 102.054 88.8828 61.0861 34.2793 142.664 118.578 59.8142 37.7066 58.7635 34.7007 26.8068 27.7967
internal_count=1576 754 179 822 757 685 626 535 477 411 358 246 138 575 478 241 152 237 140 108 112
is_linear=0
shrinkage=0.00167704


Tree=33
num_leaves=22
num_cat=0
split_feature=1 1 1 1 1 1 1 1 1 1 1 1 1 1 1 1 1 1 1 1 1
split_gain=7.69133 3.98188 4.26825 1.67886 1.75951 4.06278 1.01487 1.58614 1.61018 0.953174 1.59264 0.8349 0.72396 1.11709 1.83317 0.641977 0.629209 0.65782 0.518829 1.28771 0.27732
threshold=0.0052054444417174118 0.0030386524593678387 0.0040048307190119646 0.0073959544228075031 0.21863117948303404 0.64436365811689189 0.00030614836655979419 0.0012299843633581072 0.0016862131302390222 0.0098411358352386898 0.012325979994730679 0.38197877997841073 0.12296741798552104 0.023332139519733182 0.017009627046576898 0.0022654156993902985 0.0005998771595860222 0.00089195184110821778 0.041587731334065521 0.068134138066707275 0.030573449167667546
decision_type=2 2 2 2 2 2 2 2 2 2 2 2 2 2 2 2 2 2 2 2 2
left_child=1 6 -3 -2 9 11 -1 16 -9 -5 -11 -6 13 14 -12 -10 -8 -18 20 -20 -15
right_child=3 2 -4 4 5 -7 7 8 15 10 12 -13 -14 18 -16 -17 17 -19 19 -21 -22
leaf_value=-0.00020800781892920119 -0.00069078108579624002 0.0012360755469960766 0.00013818306904700114 0.0002622766197378468 -0.00058862165898830392 0.00021464711331525444 0.00015553554477180072 -0.0003834255876732568 0.00038641476284155887 -0.0007036619526059278 -0.00023523937596863176 -0.001185636471248632 0.00024431598499464872 -0.00027745429587898587 0.00055349645737455815 -4.9701807881537022e-05 0.00073948792587689885 0.00027767625678933646 0.00018568987701999314 -0.00042764592855727387 -0.00061840194455969162
leaf_weight=24.335229963064194 20.641044676303864 20.51905868947506 19.351313978433609 17.857083007693291 13.164648637175562 14.633023113012312 24.062166586518288 22.108014181256294 20.579724982380867 13.17239437997341 19.118469163775444 13.187270089983938 15.886283859610556 13.40886475145817 14.628984063863752 17.62125737965107 17.339265137910843 17.360365301370621 17.873032182455063 20.867973804473877 13.42937023937702
leaf_count=98 83 83 78 72 53 59 97 89 83 53 77 53 64 54 59 71 70 70 72 84 54
internal_value=-1.60463e-05 0.000234401 0.000703207 -0.000236864 -0.000186822 -0.000493922 0.000104062 0.000167841 -2.32184e-05 -0.000100756 -0.00015125 -0.000887385 -8.80926e-05 -0.000141258 0.000106665 0.000185244 0.000363931 0.000508442 -0.000268841 -0.000144686 -0.000448058
internal_weight=391.145 183.276 39.8704 207.868 187.227 40.9849 143.406 119.071 60.309 146.242 128.385 26.3519 115.213 99.3267 33.7475 38.201 58.7618 34.6996 65.5792 38.741 26.8382
internal_count=1576 739 161 837 754 165 578 480 243 589 517 106 464 400 136 154 237 140 264 156 108
is_linear=0
shrinkage=0.00167704


Tree=34
num_leaves=22
num_cat=0
split_feature=0 0 0 0 0 0 0 0 0 0 0 0 0 0 0 0 0 0 0 0 0
split_gain=7.61496 3.51744 4.66345 2.79764 2.03229 1.16906 4.14349 2.67486 1.11473 1.43525 0.858436 1.63695 2.17897 0.763952 1.33007 1.02207 1.0927 0.465449 0.777731 0.138728 0.0174639
threshold=-0.98854950023815025 -0.99394081102218468 -0.99216102925129224 -0.98524397937580932 -0.98040820006281126 0.28826266527175909 -0.47021172940731037 -0.72477956861257542 -0.82653750479221333 -0.97551024006679643 -0.95919504482299089 -0.91442017443478096 -0.93831331655383099 -0.99933364039316064 -0.99748608766822133 -0.99657253082841624 -0.99587486381642509 -0.99874428653856728 -0.99809952138457436 -0.87562826089560974 -0.97006631875410665
decision_type=2 2 2 2 2 2 2 2 2 2 2 2 2 2 2 2 2 2 2 2 2
left_child=1 13 -3 -2 -5 6 7 8 9 -6 20 12 -12 -1 17 -16 -17 -15 -19 -13 -11
right_child=3 2 -4 4 5 -7 -8 -9 -10 10 11 19 -14 14 15 16 -18 18 -20 -21 -22
leaf_value=-0.00017203730919731973 -0.00090932263026350247 0.0012682432490768449 0.00016938881148485463 0.00035583028204300691 -0.00070282687669242442 0.00021429112717872824 -0.00094480498964834422 0.0005143760083854026 -0.00065714080543910263 0.00017377444347885918 -0.00012425135351235887 -3.1001014672558982e-05 -0.00099039324210828633 0.00015552964793885405 -0.00030677235660295579 0.00054938776640097787 -5.5364363543377321e-05 0.00068631444959945233 0.00018166017258930964 0.0002102865409689115 8.948362856898222e-05
leaf_weight=24.087435886263847 16.170854791998863 19.030723124742508 25.305946156382561 17.85672815144062 13.17286743223667 14.632743537425993 22.633495539426804 14.384353667497633 16.410493299365044 14.899413093924524 20.850148335099213 13.406409949064257 13.430891320109366 24.062160789966583 22.108849406242371 12.640881791710852 25.064526125788689 19.072705954313278 15.624855309724806 13.400242209434522 12.897024959325782
leaf_count=97 65 77 102 72 53 59 91 58 66 60 84 54 54 97 89 51 101 77 63 54 52
internal_value=-1.60195e-05 0.00022847 0.000641052 -0.000239973 -0.000182391 -0.000238886 -0.000281535 -0.000168536 -0.000251455 -0.000186222 -0.00010966 -0.000220834 -0.000463595 0.000100247 0.00015556 -2.04854e-05 0.000147381 0.000334764 0.000459061 8.9615e-05 0.000134665
internal_weight=391.144 186.998 44.3367 204.146 187.975 170.118 155.485 132.852 118.467 102.057 88.8841 61.0877 34.281 142.661 118.574 59.8143 37.7054 58.7597 34.6976 26.8067 27.7964
internal_count=1576 754 179 822 757 685 626 535 477 411 358 246 138 575 478 241 152 237 140 108 112
is_linear=0
shrinkage=0.00167704


Tree=35
num_leaves=22
num_cat=0
split_feature=1 1 1 1 1 1 1 1 1 1 1 1 1 1 1 1 1 1 1 1 1
split_gain=7.64035 3.95677 4.24302 1.66758 1.74935 4.03678 1.0085 1.57636 1.60034 0.946155 1.58257 0.829928 0.719633 1.10943 1.82834 0.638361 0.62548 0.653576 0.514804 1.28169 0.27409
threshold=0.0052054444417174118 0.0030386524593678387 0.0040048307190119646 0.0073959544228075031 0.21863117948303404 0.64436365811689189 0.00030614836655979419 0.0012299843633581072 0.0016862131302390222 0.0098411358352386898 0.012325979994730679 0.38197877997841073 0.12296741798552104 0.023332139519733182 0.017009627046576898 0.0022654156993902985 0.0005998771595860222 0.00089195184110821778 0.041587731334065521 0.068134138066707275 0.030573449167667546
decision_type=2 2 2 2 2 2 2 2 2 2 2 2 2 2 2 2 2 2 2 2 2
left_child=1 6 -3 -2 9 11 -1 16 -9 -5 -11 -6 13 14 -12 -10 -8 -18 20 -20 -15
right_child=3 2 -4 4 5 -7 7 8 15 10 12 -13 -14 18 -16 -17 17 -19 19 -21 -22
leaf_value=-0.00020736979496677698 -0.00068843469848634963 0.0012323893768507726 0.00013767104035433656 0.00026132760957798103 -0.00058669126467705943 0.00021393588490998861 0.00015500904974505392 -0.00038226346171248469 0.00038527348230571099 -0.00070131396558513253 -0.00023509795848701895 -0.0011818914564263611 0.00024369807803942346 -0.00027677139853418074 0.0005526095722986911 -4.9619125484922753e-05 0.00073719809228951598 0.0002768575719525342 0.00018541609454240137 -0.0004264795438198893 -0.00061571562835426106
leaf_weight=24.335981234908104 20.643024772405624 20.513847842812538 19.350794434547424 17.856162786483765 13.165772393345835 14.632463082671164 24.061495587229729 22.109212771058083 20.578413099050522 13.173753276467322 19.118601530790329 13.189188137650488 15.885718941688536 13.409306779503824 14.628258958458899 17.621321007609367 17.336887538433075 17.35959167778492 17.872771829366684 20.869047403335571 13.430871963500975
leaf_count=98 83 83 78 72 53 59 97 89 83 53 77 53 64 54 59 71 70 70 72 84 54
internal_value=-1.59926e-05 0.000233634 0.000700999 -0.00023607 -0.000186195 -0.000492396 0.000103711 0.000167293 -2.31737e-05 -0.000100377 -0.000150683 -0.000884556 -8.77228e-05 -0.000140727 0.00010635 0.00018466 0.000362787 0.000506877 -0.000267867 -0.000144194 -0.00044638
internal_weight=391.142 183.268 39.8646 207.875 187.232 40.9874 143.403 119.067 60.3089 146.244 128.388 26.355 115.215 99.3289 33.7469 38.1997 58.758 34.6965 65.582 38.7418 26.8402
internal_count=1576 739 161 837 754 165 578 480 243 589 517 106 464 400 136 154 237 140 264 156 108
is_linear=0
shrinkage=0.00167704


Tree=36
num_leaves=24
num_cat=0
split_feature=0 0 0 0 0 0 0 0 0 0 0 0 0 0 0 0 0 0 0 0 0 0 0
split_gain=6.85587 3.96442 2.75556 2.69536 2.41057 1.91886 1.04778 1.46675 1.03616 3.61592 2.30056 1.32326 1.00452 1.18697 1.84044 1.71812 0.857883 1.36766 0.331155 0.320337 0.10056 0.070809 0.0254092
threshold=-0.98854950023815025 -0.99503110244404513 -0.99216102925129224 -0.98524397937580932 -0.9934883826645089 -0.98013664921745647 -0.99748608766822133 -0.9991373172670136 0.28826266527175909 -0.47021172940731037 -0.72477956861257542 -0.82653750479221333 -0.97510549053549755 -0.95919504482299089 -0.91442017443478096 -0.93831331655383099 -0.99687910877401009 -0.99587486381642509 -0.99947771568258748 -0.99862833612132806 -0.99809952138457436 -0.87562826089560974 -0.97006631875410665
decision_type=2 2 2 2 2 2 2 2 2 2 2 2 2 2 2 2 2 2 2 2 2 2 2
left_child=1 6 4 -2 -3 -5 7 18 9 10 11 12 -7 22 15 -15 -8 -18 -1 -9 -21 -16 -14
right_child=3 2 -4 5 -6 8 16 19 -10 -11 -12 -13 13 14 21 -17 17 -19 -20 20 -22 -23 -24
leaf_value=9.9352378146106232e-05 -0.00086441598187001747 0.00049814392605933625 0.00020698691483184183 0.00035803996204417365 0.0014422980396132843 -0.00057322805949398868 -0.00041378112106303021 0.00055401133556122581 0.00023167807586927533 -0.00085399386952535476 0.00048603104608252695 -0.00065563922422619606 0.00016901143498983129 -0.00016291876635340778 3.7167991290733938e-05 -0.00093821002285831624 0.00035598867004598951 -0.00035669270147823854 -0.00023816364909945502 0.00037123501047574964 0.00018089862649121356 0.0002103634547967302 0.00027325390706893059
leaf_weight=15.644902467727659 15.923837661743162 15.618477299809458 25.057191669940948 19.097701981663704 14.82383608818054 13.174202710390089 17.14202082157135 18.599671959877014 14.136177286505697 23.133907422423363 14.879438817501066 16.41154257953167 13.160816967487337 20.602000772953026 13.157961219549181 13.183627039194105 17.8562775105238 13.150411397218702 17.125212043523788 15.602703034877779 15.624215826392172 13.400288388133061 13.144852697849265
leaf_count=63 64 63 101 77 60 53 69 75 57 93 60 66 53 83 53 53 72 53 69 63 63 54 53
internal_value=1.08544e-05 0.00024333 0.000618873 -0.000202007 0.000957898 -0.000145745 8.39172e-05 0.000198541 -0.000202883 -0.000242709 -0.000134853 -0.000214334 -0.000141781 -7.61835e-05 -0.000205779 -0.000465448 -0.000112715 5.37296e-05 -7.70289e-05 0.000379779 0.000276001 0.000124556 0.000221101
internal_weight=389.651 186.245 55.4995 203.406 30.4423 187.483 130.745 82.5967 168.385 154.249 131.115 116.235 99.8237 86.6495 60.3439 33.7856 48.1487 31.0067 32.7701 49.8266 31.2269 26.5582 26.3057
internal_count=1570 751 224 819 123 755 527 333 678 621 528 468 402 349 243 136 194 125 132 201 126 107 106
is_linear=0
shrinkage=0.00167704


Tree=37
num_leaves=21
num_cat=0
split_feature=1 1 1 1 1 1 1 1 1 1 1 1 1 1 1 1 1 1 1 1
split_gain=6.9115 4.38254 4.00012 1.64187 1.75427 1.13869 3.76852 1.60562 1.20281 1.9297 1.19041 0.857749 1.58222 1.99691 0.720443 1.38567 0.538995 0.508945 1.30008 0.291034
threshold=0.0052054444417174118 0.0030386524593678387 0.0040048307190119646 0.0073959544228075031 0.010314289246546296 0.21863117948303404 0.55511199992644056 0.013272963937056225 0.023332139519733182 0.017009627046576898 0.043668336889941893 0.00030614836655979419 0.0012299843633581072 0.0016862131302390222 0.068134138066707275 0.12296741798552104 0.031152889875884483 0.00080373213385385707 0.00050909257318146838 0.0022654156993902985
decision_type=2 2 2 2 2 2 2 2 2 2 2 2 2 2 2 2 2 2 2 2
left_child=1 11 -3 -2 -5 7 -7 -6 9 -9 16 -1 17 -14 -12 -16 -10 18 -13 -15
right_child=3 2 -4 4 5 6 -8 8 10 -11 14 12 13 19 15 -17 -18 -19 -20 -21
leaf_value=-0.00017356663252107767 -0.00065060614934133224 0.001250097865649179 0.00018662178361567876 0.00031228789313382781 -0.00062064139267441036 -0.0008799607006549202 0.00015108526083550182 -0.00021892489515273124 -0.00021696736675855084 0.00066624152474515589 0.00028548953038622023 0.00059566219519557038 -0.00041744151801671237 0.00035159268816759465 -0.00042531668247385837 0.0002263290684721875 -0.00068434696425981995 0.00057761330772651543 -3.2483320048294433e-05 5.4841889626223605e-05
leaf_weight=24.584772229194641 20.396094858646393 20.755638912320137 19.102130189538002 20.587758481502533 16.155311152338982 23.869081154465675 17.122076064348221 13.157210022211077 14.652655497193338 14.627420946955679 16.133230641484261 16.866838991641998 22.358729615807533 20.329468101263046 20.870110407471657 16.380940452218056 13.183218836784361 20.825347781181335 20.566532760858536 17.124620944261551
leaf_count=99 82 84 77 83 65 96 69 53 59 59 65 68 90 82 84 66 53 84 83 69
internal_value=1.08362e-05 0.000248779 0.000740419 -0.000198823 -0.000149478 -0.000206696 -0.000449291 -0.000127243 -5.41182e-05 0.000247077 -0.000157154 0.000111416 0.000170754 -2.08421e-05 -1.05472e-05 -0.000138759 -0.000438321 0.000367462 0.000250548 0.000215913
internal_weight=389.649 182.514 39.8578 207.135 186.739 166.151 40.9912 125.16 109.005 27.7846 81.2202 142.656 118.072 59.8128 53.3843 37.2511 27.8359 58.2587 37.4334 37.4541
internal_count=1570 736 161 834 752 669 165 504 439 112 327 575 476 241 215 150 112 235 151 151
is_linear=0
shrinkage=0.00167704


Tree=38
num_leaves=24
num_cat=0
split_feature=0 0 0 0 0 0 0 0 0 0 0 0 0 0 0 0 0 0 0 0 0 0 0
split_gain=6.81131 3.94232 2.73961 2.67967 2.39619 1.907 1.04157 1.45862 1.02986 3.59303 2.29174 1.31804 0.998554 1.18216 1.83194 1.70663 0.85145 1.36386 0.331254 0.320397 0.495603 0.0711994 0.0247694
threshold=-0.98854950023815025 -0.99503110244404513 -0.99216102925129224 -0.98524397937580932 -0.9934883826645089 -0.98013664921745647 -0.99748608766822133 -0.9991373172670136 0.28826266527175909 -0.47021172940731037 -0.72477956861257542 -0.82653750479221333 -0.97510549053549755 -0.95919504482299089 -0.91442017443478096 -0.93831331655383099 -0.99687910877401009 -0.99587486381642509 -0.99947771568258748 -0.99809952138457436 -0.99874428653856728 -0.87562826089560974 -0.97006631875410665
decision_type=2 2 2 2 2 2 2 2 2 2 2 2 2 2 2 2 2 2 2 2 2 2 2
left_child=1 6 4 -2 -3 -5 7 18 9 10 11 12 -7 22 15 -15 -8 -18 -1 20 -9 -16 -14
right_child=3 2 -4 5 -6 8 16 19 -10 -11 -12 -13 13 14 21 -17 17 -19 -20 -21 -22 -23 -24
leaf_value=9.9476266963918563e-05 -0.00086178539425555421 0.00049678126499737394 0.00020638407054534335 0.00035699907608960943 0.001438205555890377 -0.00057144724325703864 -0.0004123846113400282 0.00024617127367069689 0.00023104403502797341 -0.00085121315003932414 0.00048531931332498104 -0.0006541323151772275 0.00016935924493418801 -0.00016276203105534921 3.6719761106852529e-05 -0.00093542810224854186 0.00035521252518234958 -0.00035648317021432711 -0.00023808910825390446 0.00017963878736884854 0.00065199586539430824 0.0002103928998272389 0.00027228187103923068
leaf_weight=15.644997283816336 15.925493240356444 15.617209687829019 25.056345090270042 19.096620172262192 14.819484651088713 13.175220668315886 17.143125176429749 15.378676772117609 14.135693147778509 23.136512160301208 14.878854855895041 16.412588775157928 13.161038190126421 20.60212925076484 13.157666847109796 13.185107335448263 17.855486407876018 13.150548204779623 17.125253587961197 15.62315511703491 18.82154102623463 13.400299876928342 13.144139572978011
leaf_count=63 64 63 101 77 60 53 69 62 57 93 60 66 53 83 53 53 72 53 69 63 76 54 53
internal_value=1.08181e-05 0.000242547 0.000617069 -0.000201344 0.000955156 -0.000145244 8.35827e-05 0.000197871 -0.000202202 -0.000241905 -0.000134388 -0.000213713 -0.000141302 -7.58985e-05 -0.000205227 -0.000464287 -0.000112463 5.3362e-05 -7.69305e-05 0.000378615 0.00046951 0.00012435 0.000220787
internal_weight=389.647 186.236 55.493 203.411 30.4367 187.486 130.743 82.5936 168.389 154.254 131.117 116.238 99.8256 86.6504 60.3452 33.7872 48.1492 31.006 32.7703 49.8234 34.2002 26.558 26.3052
internal_count=1570 751 224 819 123 755 527 333 678 621 528 468 402 349 243 136 194 125 132 201 138 107 106
is_linear=0
shrinkage=0.00167704


Tree=39
num_leaves=20
num_cat=0
split_feature=1 1 1 1 1 1 1 1 1 1 1 1 1 1 1 1 1 1 1
split_gain=6.86588 4.35547 3.97681 1.63093 1.74326 1.13226 3.74696 1.59805 1.19742 0.922294 0.853468 1.57325 1.98621 0.507338 1.29932 0.474199 0.890972 0.988347 0.290599
threshold=0.0052054444417174118 0.0030386524593678387 0.0040048307190119646 0.0073959544228075031 0.010314289246546296 0.21863117948303404 0.55511199992644056 0.013272963937056225 0.019195719328174359 0.12296741798552104 0.00030614836655979419 0.0012299843633581072 0.0016862131302390222 0.00080373213385385707 0.00050909257318146838 0.080646466183991211 0.043668336889941893 0.031152889875884483 0.0022654156993902985
decision_type=2 2 2 2 2 2 2 2 2 2 2 2 2 2 2 2 2 2 2
left_child=1 10 -3 -2 -5 7 -7 -6 -9 15 -1 13 -13 14 -12 16 17 -10 -14
right_child=3 2 -4 4 5 6 -8 8 9 -11 11 12 18 -15 -16 -17 -18 -19 -20
leaf_value=-0.0001732335916836412 -0.00064841463972377725 0.0012464178203124981 0.00018596911208557443 0.00031135043079722022 -0.00061899907185204749 -0.00087731209487499631 0.00015076394404775676 0.00033047409302162364 -0.00010830975503042477 0.00022575242195397866 0.00059467658019887748 -0.00041634346621306924 0.00035088754222483277 0.00057621268051617888 -3.3302127294211054e-05 -0.00049920916889957989 0.0001037315728723391 -0.00068164773395221342 5.4353792050228958e-05
leaf_weight=24.585167214274406 20.39788644015789 20.750241592526436 19.101471588015556 20.586704060435295 16.156466275453568 23.871654868125916 17.121734216809273 18.857766732573509 23.579029679298401 16.380387157201767 16.865931048989296 22.359859585762024 20.328653365373611 20.823692247271538 20.565573662519455 13.425972998142241 23.577923476696014 13.184664994478224 17.124190136790276
leaf_count=99 82 84 77 83 65 96 69 76 95 66 68 90 82 84 83 54 95 53 69
internal_value=1.08001e-05 0.000247966 0.00073813 -0.00019816 -0.000148978 -0.000206013 -0.000447915 -0.000126785 -5.38303e-05 -0.000134222 0.000111033 0.000170226 -2.08241e-05 0.000366384 0.000249653 -0.000214155 -0.000150731 -0.000313928 0.000215306
internal_weight=389.645 182.505 39.8517 207.14 186.742 166.156 40.9934 125.162 109.006 90.148 142.653 118.068 59.8127 58.2552 37.4315 73.7676 60.3416 36.7637 37.4528
internal_count=1570 736 161 834 752 669 165 504 439 363 575 476 241 235 151 297 243 148 151
is_linear=0
shrinkage=0.00167704


Tree=40
num_leaves=24
num_cat=0
split_feature=0 0 0 0 0 0 0 0 0 0 0 0 0 0 0 0 0 0 0 0 0 0 0
split_gain=6.76704 3.92035 2.72376 2.66408 2.38192 1.89522 1.0354 1.45054 1.0236 3.57028 2.28296 1.31233 0.992553 1.17568 1.82203 1.6966 0.845061 1.36007 0.33135 0.320682 0.494796 0.0710398 0.0244482
threshold=-0.98854950023815025 -0.99503110244404513 -0.99216102925129224 -0.98524397937580932 -0.9934883826645089 -0.98013664921745647 -0.99748608766822133 -0.9991373172670136 0.28826266527175909 -0.47021172940731037 -0.72477956861257542 -0.82653750479221333 -0.97510549053549755 -0.95919504482299089 -0.91442017443478096 -0.93831331655383099 -0.99687910877401009 -0.99587486381642509 -0.99947771568258748 -0.99809952138457436 -0.99874428653856728 -0.87562826089560974 -0.97006631875410665
decision_type=2 2 2 2 2 2 2 2 2 2 2 2 2 2 2 2 2 2 2 2 2 2 2
left_child=1 6 4 -2 -3 -5 7 18 9 10 11 12 -7 22 15 -15 -8 -18 -1 20 -9 -16 -14
right_child=3 2 -4 5 -6 8 16 19 -10 -11 -12 -13 13 14 21 -17 17 -19 -20 -21 -22 -23 -24
leaf_value=9.9599416328566856e-05 -0.00085916453993758622 0.00049542311955762242 0.00020578301727550345 0.00035596127505718147 0.0014341288082464739 -0.00056967181968375783 -0.0004109926489794174 0.00024523221540673261 0.00023041154924888693 -0.00084844268584064093 0.00048460847571920538 -0.00065254133295651639 0.00016915403707852268 -0.00016230379112281223 3.6559086098584608e-05 -0.00093266764631802404 0.00035443777695488691 -0.00035627306182694026 -0.00023801434607784492 0.00017838338847563068 0.00065073859687011105 0.00021003864043995593 0.0002714086559437197
leaf_weight=15.645092099905012 15.927125930786131 15.615938544273378 25.055496498942375 19.095537140965462 14.815094769001005 13.17622861266136 17.144219785928726 15.37790079414844 14.135209858417509 23.139077603816986 14.878268614411352 16.413686379790306 13.160893961787226 20.602599754929535 13.157560631632807 13.186560332775114 17.854694247245792 13.150685012340544 17.125294074416161 15.622093468904493 18.820115953683857 13.400048151612294 13.14352272450923
leaf_count=63 64 63 101 77 60 53 69 62 57 93 60 66 53 83 53 53 72 53 69 63 76 54 53
internal_value=1.0782e-05 0.000241766 0.000615271 -0.000200683 0.000952424 -0.000144745 8.32493e-05 0.000197202 -0.000201524 -0.000241104 -0.000133925 -0.000213094 -0.00014084 -7.5631e-05 -0.000204601 -0.000462946 -0.000112213 5.29954e-05 -7.68323e-05 0.000377455 0.000468394 0.000124091 0.000220248
internal_weight=389.643 186.227 55.4865 203.416 30.431 187.489 130.74 82.5905 168.394 154.258 131.119 116.241 99.8274 86.6512 60.3468 33.7892 48.1496 31.0054 32.7704 49.8201 34.198 26.5576 26.3044
internal_count=1570 751 224 819 123 755 527 333 678 621 528 468 402 349 243 136 194 125 132 201 138 107 106
is_linear=0
shrinkage=0.00167704


Tree=41
num_leaves=20
num_cat=0
split_feature=1 1 1 1 1 1 1 1 1 1 1 1 1 1 1 1 1 1 1
split_gain=6.82056 4.32858 3.95365 1.62008 1.73232 1.12587 3.72554 1.59053 1.18983 0.916518 0.849212 1.56433 1.97557 0.505738 1.29856 0.471155 0.884172 0.980643 0.290164
threshold=0.0052054444417174118 0.0030386524593678387 0.0040048307190119646 0.0073959544228075031 0.010314289246546296 0.21863117948303404 0.55511199992644056 0.013272963937056225 0.019195719328174359 0.12296741798552104 0.00030614836655979419 0.0012299843633581072 0.0016862131302390222 0.00080373213385385707 0.00050909257318146838 0.080646466183991211 0.043668336889941893 0.031152889875884483 0.0022654156993902985
decision_type=2 2 2 2 2 2 2 2 2 2 2 2 2 2 2 2 2 2 2
left_child=1 10 -3 -2 -5 7 -7 -6 -9 15 -1 13 -13 14 -12 16 17 -10 -14
right_child=3 2 -4 4 5 6 -8 8 9 -11 11 12 18 -15 -16 -17 -18 -19 -20
leaf_value=-0.00017290150065941368 -0.00064623088981225418 0.0012427511384973276 0.00018531839921896921 0.00031041581664680305 -0.00061736192771943814 -0.00087467317404673044 0.0001504433581854865 0.00032955291467940654 -0.00010788164396403592 0.0002251766978515991 0.00059369338782741771 -0.00041524885499930639 0.0003501841618877214 0.00057481642972647675 -3.4117777205799127e-05 -0.00049748195350246723 0.00010336048961602486 -0.00067895870138318689 5.3867884110507052e-05
leaf_weight=24.585560187697411 20.399654194712639 20.744800373911858 19.100814133882523 20.585649371147156 16.157610014081001 23.874190896749496 17.121390447020531 18.856851950287819 23.579520627856255 16.379831627011299 16.865021482110023 22.360980808734894 20.327837616205215 20.822033926844597 20.564615353941917 13.42695504426956 23.577472999691963 13.186089932918547 17.123759686946869
leaf_count=99 82 84 77 83 65 96 69 76 95 66 68 90 82 84 83 54 95 53 69
internal_value=1.0764e-05 0.000247156 0.000735849 -0.000197498 -0.00014848 -0.000205332 -0.000446544 -0.000126328 -5.35436e-05 -0.000133677 0.000110652 0.000169699 -2.08061e-05 0.000365309 0.000248761 -0.000213356 -0.000150135 -0.0003127 0.000214701
internal_weight=389.641 182.495 39.8456 207.145 186.746 166.16 40.9956 125.164 109.007 90.1499 142.65 118.064 59.8126 58.2517 37.4296 73.77 60.3431 36.7656 37.4516
internal_count=1570 736 161 834 752 669 165 504 439 363 575 476 241 235 151 297 243 148 151
is_linear=0
shrinkage=0.00167704


Tree=42
num_leaves=24
num_cat=0
split_feature=0 0 0 0 0 0 0 0 0 0 0 0 0 0 0 0 0 0 0 0 0 0 0
split_gain=7.50597 3.65714 5.34732 3.32517 1.56809 1.23126 3.39631 1.08903 1.55028 1.32964 1.84851 1.2895 2.33682 1.06473 1.67919 1.41967 0.864492 0.695657 0.656753 0.571043 0.322107 0.153068 0.0541829
threshold=-0.98854950023815025 -0.99394081102218468 -0.99234026088379312 -0.98524397937580932 -0.98040820006281126 0.28826266527175909 -0.20104157924652091 -0.97551024006679643 -0.95919504482299089 -0.69250681251287449 -0.78387310355901707 -0.91442017443478096 -0.93831331655383099 -0.99933364039316064 -0.99809952138457436 -0.99874428653856728 -0.99623834615340445 -0.99714969040360291 -0.99077988322824229 -0.86178290098905552 -0.99541320116259147 -0.97089833253994573 -0.99752525368239719
decision_type=2 2 2 2 2 2 2 2 2 2 2 2 2 2 2 2 2 2 2 2 2 2 2
left_child=1 13 -3 -2 -5 6 7 -6 21 10 11 12 -10 -1 15 -15 17 22 -4 -13 -18 -9 -16
right_child=3 2 18 4 5 -7 -8 8 9 -11 -12 19 -14 14 16 -17 20 -19 -20 -21 -22 -23 -24
leaf_value=-0.00020449857129543948 -0.00093950444755727127 0.0013908008078293804 -6.3405375181599974e-05 0.00033142081886936166 -0.00062576445295800781 0.00025944254718487833 -0.0010766545500563505 0.00010047646786723958 -8.0401683861672414e-05 0.0001487594214072109 -0.00090076619312095619 0.00023604877329085668 -0.00097935323247893918 0.00018215395444631127 0.00012276028056026539 0.00079800332602696685 0.00044459986159412363 -0.00038473349057116887 0.00046181217685030174 -0.00021197638970482411 9.8467714782833743e-05 0.00035058666171650815 -2.5997123095340218e-05
leaf_weight=23.84097757935524 16.426507741212845 17.528673052787781 13.382799178361894 17.108944773674011 13.425042673945425 14.878658652305601 12.696521043777464 13.410577878355982 20.603115111589425 21.600294455885887 12.926888898015021 17.621425360441208 13.436832100152968 24.306009382009506 13.636197820305826 18.571065694093704 13.388670444488527 16.877750396728516 13.400972753763197 14.65564407408238 17.373130291700363 14.136117726564406 13.912217333912848
leaf_count=96 66 71 54 69 54 60 51 54 83 87 52 71 54 98 55 75 54 68 54 59 70 57 56
internal_value=6.96251e-06 0.000250099 0.000670671 -0.000216155 -0.000152444 -0.000201316 -0.000245684 -0.000171289 -0.000123767 -0.000220081 -0.00032062 -0.000207534 -0.000435251 0.000118768 0.000184046 0.000448893 3.30128e-05 -0.000116623 0.000199382 3.26196e-05 0.000249117 0.000228825 4.76363e-05
internal_weight=389.145 186.218 44.3124 202.927 186.5 169.391 154.512 141.816 128.391 100.844 79.2439 66.317 34.0399 141.906 118.065 42.8771 75.188 44.4262 26.7838 32.2771 30.7618 27.5467 27.5484
internal_count=1568 751 179 817 751 682 622 571 517 406 319 267 137 572 476 173 303 179 108 130 124 111 111
is_linear=0
shrinkage=0.00167704


Tree=43
num_leaves=22
num_cat=0
split_feature=1 1 1 1 1 1 1 1 1 1 1 1 1 1 1 1 1 1 1 1 1
split_gain=7.55644 3.9305 2.89983 2.07992 2.02362 1.26851 1.24859 3.7029 1.22109 2.1014 1.31918 1.01278 1.42095 1.73918 1.10739 1.27244 1.63894 0.663599 1.20046 0.494383 0.218076
threshold=0.0052054444417174118 0.0024786077835260169 0.0040048307190119646 0.0073959544228075031 0.0032380190261443475 0.010314289246546296 0.64436365811689189 0.38197877997841073 0.00030614836655979419 0.0012299843633581072 0.0016862131302390222 0.013272963937056225 0.023332139519733182 0.017009627046576898 0.15756349930236166 0.083825536468839737 0.061224779660074745 0.0005998771595860222 0.00089195184110821778 0.031152889875884483 0.0020577522033534391
decision_type=2 2 2 2 2 2 2 2 2 2 2 2 2 2 2 2 2 2 2 2 2
left_child=1 8 4 -2 -3 -5 7 11 -1 17 -11 -7 13 -13 15 16 19 -10 -19 -14 -12
right_child=3 2 -4 5 -6 6 -8 -9 9 10 20 12 14 -15 -16 -17 -18 18 -20 -21 -22
leaf_value=-0.00023978412395226855 -0.00071424514593011257 0.00053035914970131991 0.00013515021656363465 0.00024175447632035737 0.0013718693555770439 -0.00055897080235584777 0.00025901352502537636 -0.0010902011179326234 0.00018152529495217887 -0.00037546916664697104 0.00033328821198398923 -0.00022076104671122694 -0.00010082448137209854 0.00062303703892877004 0.00013225364532311795 -0.00067189893043914217 0.00033261413111079514 0.00086245067803167178 0.00023165746394578313 -0.00048847297216485805 2.6307288187900638e-05
leaf_weight=24.089606314897537 20.899215683341026 15.858552098274229 19.348219960927963 20.089269652962685 16.295636415481567 16.407442018389702 14.878311753273008 13.443928286433218 24.305191084742546 22.610522925853729 12.885559916496279 13.156012490391733 14.653827309608458 14.378101617097853 20.357601583003998 19.889200136065483 13.398299083113669 16.835751175880432 17.107291415333748 25.104568094015121 13.150682672858236
leaf_count=97 84 64 78 81 66 66 60 54 98 91 52 53 59 58 82 80 54 68 69 101 53
internal_value=6.95089e-06 0.000255639 0.000648147 -0.000212653 0.000956834 -0.00015622 -0.000204479 -0.000250212 0.000101308 0.000178175 -7.91212e-05 -0.00016799 -0.000114946 0.000219864 -0.000213644 -0.000310044 -0.000174652 0.00039306 0.000544531 -0.000345597 0.000178235
internal_weight=389.143 182.487 51.5024 206.656 32.1542 185.757 165.667 150.789 130.985 106.895 48.6468 137.345 120.938 27.5341 93.4035 73.0459 53.1567 58.2482 33.943 39.7584 26.0362
internal_count=1568 736 208 832 130 748 667 607 528 431 196 553 487 111 376 294 214 235 137 160 105
is_linear=0
shrinkage=0.00167704


Tree=44
num_leaves=24
num_cat=0
split_feature=0 0 0 0 0 0 0 0 0 0 0 0 0 0 0 0 0 0 0 0 0 0 0
split_gain=7.45727 3.63615 5.31766 3.30566 1.55895 1.22305 3.37262 1.08387 1.54394 1.32227 1.83725 1.28587 2.32339 1.05706 1.66872 1.41049 0.858972 0.69284 0.656998 0.569701 0.321561 0.151295 0.0533705
threshold=-0.98854950023815025 -0.99394081102218468 -0.99234026088379312 -0.98524397937580932 -0.98040820006281126 0.28826266527175909 -0.20104157924652091 -0.97551024006679643 -0.95919504482299089 -0.69250681251287449 -0.78387310355901707 -0.91442017443478096 -0.93831331655383099 -0.99933364039316064 -0.99809952138457436 -0.99874428653856728 -0.99623834615340445 -0.99714969040360291 -0.99077988322824229 -0.86178290098905552 -0.99541320116259147 -0.97089833253994573 -0.99752525368239719
decision_type=2 2 2 2 2 2 2 2 2 2 2 2 2 2 2 2 2 2 2 2 2 2 2
left_child=1 13 -3 -2 -5 6 7 -6 21 10 11 12 -10 -1 15 -15 17 22 -4 -13 -18 -9 -16
right_child=3 2 18 4 5 -7 -8 8 9 -11 -12 19 -14 14 16 -17 20 -19 -20 -21 -22 -23 -24
leaf_value=-0.00020374613660832235 -0.00093662815874538728 0.0013869597597034589 -6.4103035962508883e-05 0.00033054553838872831 -0.000624106417605232 0.00025858513666819573 -0.0010728712455698711 0.00010095956770403812 -8.0492713680317319e-05 0.00014839264308048436 -0.00089802360321648725 0.00023606515487423872 -0.00097683140998443513 0.00018155710178078247 0.00012216983030451182 0.00079544377873960476 0.00044357818087760876 -0.00038387955776402556 0.00046122226681363348 -0.00021143065957182337 9.7730878584620273e-05 0.00034961895921985307 -2.5468442214582987e-05
leaf_weight=23.841839581727982 16.428309470415115 17.523695886135101 13.382227063179018 17.108114048838615 13.425982788205145 14.877963960170744 12.698287993669508 13.41088803112507 20.602993309497826 21.599892184138298 12.928400024771689 17.62142077088356 13.438153535127638 24.305230811238289 13.635757714509966 18.568147614598274 13.387905031442644 16.878419235348701 13.400537073612211 14.655975580215459 17.372474581003189 14.135347634553908 13.912555068731306
leaf_count=96 66 71 54 69 54 60 51 54 83 87 52 71 54 98 55 75 54 68 54 59 70 57 56
internal_value=6.93931e-06 0.000249296 0.000668694 -0.000215446 -0.00015192 -0.000200646 -0.000244864 -0.000170726 -0.000123316 -0.00021943 -0.000319686 -0.000206942 -0.000434333 0.000118347 0.000183392 0.000447427 3.28338e-05 -0.00011632 0.000198739 3.28738e-05 0.000248255 0.000228559 4.7609e-05
internal_weight=389.141 186.209 44.3065 202.932 186.503 169.395 154.517 141.819 128.393 100.847 79.2469 66.3185 34.0411 141.902 118.06 42.8734 75.1871 44.4267 26.7828 32.2774 30.7604 27.5462 27.5483
internal_count=1568 751 179 817 751 682 622 571 517 406 319 267 137 572 476 173 303 179 108 130 124 111 111
is_linear=0
shrinkage=0.00167704


Tree=45
num_leaves=22
num_cat=0
split_feature=1 1 1 1 1 1 1 1 1 1 1 1 1 1 1 1 1 1 1 1 1
split_gain=7.50706 3.90746 2.88421 2.06657 2.01351 1.26096 1.24032 3.67846 1.21318 2.08917 1.31188 1.00784 1.41159 1.73398 1.09954 1.26431 1.6314 0.659743 1.1928 0.491601 0.217897
threshold=0.0052054444417174118 0.0024786077835260169 0.0040048307190119646 0.0073959544228075031 0.0032380190261443475 0.010314289246546296 0.64436365811689189 0.38197877997841073 0.00030614836655979419 0.0012299843633581072 0.0016862131302390222 0.013272963937056225 0.023332139519733182 0.017009627046576898 0.15756349930236166 0.083825536468839737 0.061224779660074745 0.0005998771595860222 0.00089195184110821778 0.031152889875884483 0.0020577522033534391
decision_type=2 2 2 2 2 2 2 2 2 2 2 2 2 2 2 2 2 2 2 2 2
left_child=1 8 4 -2 -3 -5 7 11 -1 17 -11 -7 13 -13 15 16 19 -10 -19 -14 -12
right_child=3 2 -4 5 -6 6 -8 -9 9 10 20 12 14 -15 -16 -17 -18 18 -20 -21 -22
leaf_value=-0.00023903839956089732 -0.00071190593557094015 0.00052868722369296358 0.00013459456857786191 0.00024110056820502226 0.0013681714083960126 -0.00055744763978807449 0.00025815751902221135 -0.0010865417845381475 0.00018091186161569837 -0.00037449603664311415 0.00033266439007698486 -0.00022076475866219944 -0.00010044213108918501 0.00062178614370832816 0.00013178605877388146 -0.0006696188089423071 0.00033212782046239408 0.00085981125316240091 0.00023100319158717977 -0.00048699189771927575 2.5804725533902467e-05
leaf_weight=24.090466663241386 20.901099130511284 15.856914505362509 19.347649276256561 20.088529855012894 16.291177913546562 16.408505961298943 14.877617061138151 13.445724874734877 24.304389134049416 22.611531868577003 12.885101541876795 13.156009301543238 14.654088214039801 14.377075940370558 20.357128277420998 19.891138181090355 13.397949591279028 16.832997053861618 17.10666923224926 25.106083229184151 13.150336802005766
leaf_count=97 84 64 78 81 66 66 60 54 98 91 52 53 59 58 82 80 54 68 69 101 53
internal_value=6.92773e-06 0.000254814 0.0006462 -0.00021195 0.000954099 -0.000155697 -0.000203811 -0.000249389 0.000100939 0.000177561 -7.89807e-05 -0.000167436 -0.000114521 0.000219194 -0.000212889 -0.000308942 -0.000173981 0.000391831 0.000542872 -0.000344524 0.000177671
internal_weight=389.138 182.477 51.4957 206.661 32.1481 185.76 165.671 150.794 130.981 106.891 48.647 137.348 120.939 27.5331 93.4064 73.0493 53.1581 58.2441 33.9397 39.7602 26.0354
internal_count=1568 736 208 832 130 748 667 607 528 431 196 553 487 111 376 294 214 235 137 160 105
is_linear=0
shrinkage=0.00167704


Tree=46
num_leaves=24
num_cat=0
split_feature=0 0 0 0 0 0 0 0 0 0 0 0 0 0 0 0 0 0 0 0 0 0 0
split_gain=7.40888 3.61528 5.28818 3.28628 1.54986 1.21489 3.34912 1.07874 1.53763 1.31495 1.82606 1.28226 2.31004 1.04945 1.65831 1.40137 0.853488 0.690036 0.657236 0.568363 0.321015 0.149538 0.0525673
threshold=-0.98854950023815025 -0.99394081102218468 -0.99234026088379312 -0.98524397937580932 -0.98040820006281126 0.28826266527175909 -0.20104157924652091 -0.97551024006679643 -0.95919504482299089 -0.69250681251287449 -0.78387310355901707 -0.91442017443478096 -0.93831331655383099 -0.99933364039316064 -0.99809952138457436 -0.99874428653856728 -0.99623834615340445 -0.99714969040360291 -0.99077988322824229 -0.86178290098905552 -0.99541320116259147 -0.97089833253994573 -0.99752525368239719
decision_type=2 2 2 2 2 2 2 2 2 2 2 2 2 2 2 2 2 2 2 2 2 2 2
left_child=1 13 -3 -2 -5 6 7 -6 21 10 11 12 -10 -1 15 -15 17 22 -4 -13 -18 -9 -16
right_child=3 2 18 4 5 -7 -8 8 9 -11 -12 19 -14 14 16 -17 20 -19 -20 -21 -22 -23 -24
leaf_value=-0.00020299626352261521 -0.00093376241899705405 0.0013831328476079851 -6.4797293400604955e-05 0.0003296723900186698 -0.00062245346269624766 0.00025773058561433297 -0.0010691038721441536 0.00010144064730867285 -8.0583339128507514e-05 0.00014802707999372791 -0.00089529125023982039 0.00023608005530045186 -0.0009743178270552904 0.0001809622355010341 0.00012158146425859019 0.00079289294202829891 0.00044255917328134275 -0.00038302790732861142 0.00046063284742330654 -0.00021088724058031878 9.6997264624632109e-05 0.00034865409323573863 -2.4941989489119558e-05
leaf_weight=23.84269443154335 16.4300836622715 17.51867738366127 13.381654322147371 17.107283189892769 13.426913470029829 14.877269268035887 12.700018823146818 13.411196261644365 20.602870970964425 21.599489882588387 12.929891139268873 17.621414110064507 13.439457669854162 24.304453194141388 13.635318428277971 18.565215259790421 13.387138456106188 16.879083514213562 13.400099784135817 14.656302466988569 17.371820256114006 14.134576395153998 13.912890583276747
leaf_count=96 66 71 54 69 54 60 51 54 83 87 52 71 54 98 55 75 54 68 54 59 70 57 56
internal_value=6.91618e-06 0.000248496 0.000666722 -0.000214739 -0.000151398 -0.00019998 -0.000244048 -0.000170165 -0.000122867 -0.000218782 -0.000318755 -0.000206353 -0.000433418 0.000117927 0.000182741 0.000445966 3.26555e-05 -0.000116018 0.000198099 3.31262e-05 0.000247395 0.000228293 4.75816e-05
internal_weight=389.136 186.199 44.3004 202.937 186.507 169.399 154.522 141.822 128.395 100.849 79.2499 66.32 34.0423 141.899 118.056 42.8697 75.1863 44.4273 26.7818 32.2777 30.759 27.5458 27.5482
internal_count=1568 751 179 817 751 682 622 571 517 406 319 267 137 572 476 173 303 179 108 130 124 111 111
is_linear=0
shrinkage=0.00167704


Tree=47
num_leaves=22
num_cat=0
split_feature=1 1 1 1 1 1 1 1 1 1 1 1 1 1 1 1 1 1 1 1 1
split_gain=7.45801 3.88456 2.86869 2.05332 2.00346 1.25346 1.23211 3.6542 1.20533 2.07701 1.30462 1.00292 1.4023 1.7288 1.09174 1.25624 1.6239 0.655909 1.18519 0.488838 0.217717
threshold=0.0052054444417174118 0.0024786077835260169 0.0040048307190119646 0.0073959544228075031 0.0032380190261443475 0.010314289246546296 0.64436365811689189 0.38197877997841073 0.00030614836655979419 0.0012299843633581072 0.0016862131302390222 0.013272963937056225 0.023332139519733182 0.017009627046576898 0.15756349930236166 0.083825536468839737 0.061224779660074745 0.0005998771595860222 0.00089195184110821778 0.031152889875884483 0.0020577522033534391
decision_type=2 2 2 2 2 2 2 2 2 2 2 2 2 2 2 2 2 2 2 2 2
left_child=1 8 4 -2 -3 -5 7 11 -1 17 -11 -7 13 -13 15 16 19 -10 -19 -14 -12
right_child=3 2 -4 5 -6 6 -8 -9 9 10 20 12 14 -15 -16 -17 -18 18 -20 -21 -22
leaf_value=-0.00023829523705420539 -0.00070957548280724248 0.00052702099308587623 0.00013404101791247603 0.00024044841224151828 0.0013644871137407104 -0.00055592942865847464 0.00025730430548874853 -0.001082897860979364 0.00018030050742590866 -0.00037352584475359096 0.00033204179298566486 -0.00022076802258238687 -0.00010006036545994707 0.00062053831111040568 0.0001313199000207583 -0.00066734673250839452 0.00033164182989487264 0.00085718074184814371 0.00023035096189532353 -0.00048551585730267167 2.5304263540289181e-05
leaf_weight=24.091321304440498 20.902954235672951 15.85527119040489 19.347078010439873 20.0877895206213 16.286682978272438 16.409559041261673 14.876922369003294 13.447486013174055 24.303587540984154 22.612533450126648 12.884641632437708 13.156006097793581 14.654348403215407 14.376047745347021 20.356655582785606 19.893051564693451 13.397598803043364 16.830228328704834 17.106046959757805 25.107578694820404 13.149991616606711
leaf_count=97 84 64 78 81 66 66 60 54 98 91 52 53 59 58 82 80 54 68 69 101 53
internal_value=6.90465e-06 0.000253991 0.00064426 -0.00021125 0.000951374 -0.000155176 -0.000203145 -0.00024857 0.000100571 0.000176949 -7.88407e-05 -0.000166884 -0.000114098 0.000218526 -0.000212137 -0.000307844 -0.000173313 0.000390607 0.000541219 -0.000343455 0.00017711
internal_weight=389.133 182.467 51.489 206.666 32.142 185.763 165.675 150.798 130.978 106.887 48.6472 137.351 120.941 27.5321 93.4092 73.0526 53.1595 58.2399 33.9363 39.7619 26.0346
internal_count=1568 736 208 832 130 748 667 607 528 431 196 553 487 111 376 294 214 235 137 160 105
is_linear=0
shrinkage=0.00167704


Tree=48
num_leaves=23
num_cat=0
split_feature=0 0 0 0 0 0 0 0 0 0 0 0 0 0 0 0 0 0 0 0 0 0
split_gain=8.12771 3.25951 5.48786 3.10868 1.5981 1.31704 3.76289 1.50513 1.97387 1.02827 1.37134 1.55739 2.87952 1.0328 0.807007 0.535181 1.08359 0.985886 0.483657 0.776586 0.428946 0.0614828
threshold=-0.98854950023815025 -0.99394081102218468 -0.99234026088379312 -0.98524397937580932 -0.98040820006281126 0.28826266527175909 -0.20104157924652091 -0.69250681251287449 -0.78387310355901707 -0.97551024006679643 -0.95919504482299089 -0.91442017443478096 -0.93831331655383099 -0.86178290098905552 -0.99077988322824229 -0.99933364039316064 -0.99809952138457436 -0.99874428653856728 -0.99623834615340445 -0.99729440227383737 -0.99541320116259147 -0.97089833253994573
decision_type=2 2 2 2 2 2 2 2 2 2 2 2 2 2 2 2 2 2 2 2 2 2
left_child=1 15 -3 -2 -5 6 7 8 9 -6 21 12 -12 -13 -4 -1 17 -17 19 -18 -20 -11
right_child=3 2 14 4 5 -7 -8 -9 -10 10 11 13 -14 -15 -16 16 18 -19 20 -21 -22 -23
leaf_value=-9.8547452024250377e-05 -0.00093090736865291269 0.0013800174581849217 -0.00012493966153143555 0.00031080343658107111 -0.00062080517014608265 0.00025687892938006872 -0.0011496793987263833 0.00021395866038015717 -0.00086826801259045272 0.00010191958236011602 -0.00012318678148413883 0.00027584501102834999 -0.0011302185325044061 -0.00032476798570818451 0.00046004418840850749 0.00016000249002445682 0.00016694545498938091 0.00067302156716233976 0.00044154276627430855 -0.00027777673661551233 4.3307878587304672e-05 0.00025849573016437685
leaf_weight=24.091928869485855 16.431830316781998 17.514486402273178 13.133027479052545 17.602246269583702 13.427835613489149 14.876575469970701 12.452739015221594 22.095609977841377 13.428897053003309 13.411502301692964 20.851105704903595 17.869684383273125 12.942919030785559 14.65662600100041 13.399661824107168 23.559650287032127 21.832767307758331 19.057268753647804 13.386371791362764 22.346470534801483 17.619388952851295 14.877522066235541
leaf_count=97 66 71 53 71 54 60 50 89 54 54 84 72 52 59 54 95 88 77 54 90 71 60
internal_value=-9.66347e-07 0.000252911 0.000651436 -0.000231325 -0.000170339 -0.000219898 -0.00026536 -0.000188653 -0.000261891 -0.00018652 -0.000124882 -0.000256749 -0.000508874 5.2038e-06 0.000170492 0.0001292 0.000175777 0.000389412 5.4682e-05 -5.80012e-05 0.000215241 0.000184265
internal_weight=390.866 185.941 44.0472 204.925 188.493 170.891 156.014 143.562 121.466 108.037 94.6094 66.3203 33.794 32.5263 26.5327 141.894 117.802 42.6169 75.185 44.1792 31.0058 28.289
internal_count=1575 750 178 825 759 688 628 578 489 435 381 267 136 131 107 572 475 172 303 178 125 114
is_linear=0
shrinkage=0.00167704


Tree=49
num_leaves=21
num_cat=0
split_feature=1 1 1 1 1 1 1 1 1 1 1 1 1 1 1 1 1 1 1 1
split_gain=8.16953 3.71171 5.00697 1.90099 1.33807 4.33479 2.89264 2.46041 0.942542 1.67063 0.950424 1.88376 1.47614 0.744643 1.28108 1.43286 0.657655 0.978994 0.38752 0.191148
threshold=0.0052054444417174118 0.0030386524593678387 0.0040048307190119646 0.0073959544228075031 0.25124300516278603 0.64436365811689189 0.1431244951807307 0.083825536468839737 0.061224779660074745 0.031152889875884483 0.017009627046576898 0.010314289246546296 0.023332139519733182 0.00030614836655979419 0.0012036711758002818 0.0016862131302390222 0.00080373213385385707 0.00048159465905797861 0.0022654156993902985 0.013272963937056225
decision_type=2 2 2 2 2 2 2 2 2 2 2 2 2 2 2 2 2 2 2 2
left_child=1 13 -3 -2 6 -6 7 8 9 10 11 -5 -12 -1 16 -16 17 -15 -17 -13
right_child=3 2 -4 4 5 -7 -8 -9 -10 -11 12 19 -14 14 15 18 -18 -19 -20 -21
leaf_value=-0.00013472167719024306 -0.00070725258437143775 0.001288993376578055 9.5239269058997386e-05 0.00022656120975397205 -0.00089904518499084828 0.0002564540541869456 0.00064922159814197948 -0.00075863619240851797 0.00033124603861052357 -0.00052092256610439247 0.00058807015715056459 -0.00055441626857355387 -0.00015875984796144942 0.00056817624226859677 -0.00029826971263850332 0.00038028772096967685 0.00062931503192539524 1.6817593465681439e-05 4.1405201402206416e-05 -0.0002844795018189285
leaf_weight=24.340356707572937 20.904782295227051 20.476393848657608 19.098501890897751 20.582856267690659 23.642844617366791 14.876228570938109 13.139976814389227 17.662576362490654 13.39730881154537 24.85955835878849 14.870613142848017 16.410601347684864 14.90302401781082 15.374336451292036 24.102026209235191 20.572639286518097 18.583859488368034 22.04361529648304 17.617498651146889 13.404248803853987
leaf_count=98 84 83 77 83 95 60 53 71 54 100 60 66 60 62 97 83 75 89 71 54
internal_value=-9.64712e-07 0.000258488 0.000712898 -0.000227534 -0.00017412 -0.000452787 -0.000102191 -0.000174743 -8.76598e-05 -0.000141094 -2.33163e-05 -0.000163663 0.000214249 0.000132409 0.000187374 2.1898e-05 0.000371437 0.000243361 0.000223958 -0.000433057
internal_weight=390.864 182.209 39.5749 208.655 187.75 38.5191 149.231 136.091 118.428 105.031 80.1713 50.3977 29.7736 142.634 118.294 62.2922 56.0018 37.418 38.1901 29.8149
internal_count=1575 735 160 840 756 155 601 548 477 423 323 203 120 575 477 251 226 151 154 120
is_linear=0
shrinkage=0.00167704


Tree=50
num_leaves=23
num_cat=0
split_feature=0 0 0 0 0 0 0 0 0 0 0 0 0 0 0 0 0 0 0 0 0 0
split_gain=8.07488 3.23994 5.45564 3.09053 1.5887 1.30825 3.74051 1.49919 1.9636 1.02345 1.36586 1.55285 2.86381 1.03003 0.806916 0.531306 1.07839 0.983987 0.481409 0.771732 0.426389 0.0604817
threshold=-0.98854950023815025 -0.99394081102218468 -0.99234026088379312 -0.98524397937580932 -0.98040820006281126 0.28826266527175909 -0.20104157924652091 -0.69250681251287449 -0.78387310355901707 -0.97551024006679643 -0.95919504482299089 -0.91442017443478096 -0.93831331655383099 -0.86178290098905552 -0.99077988322824229 -0.99933364039316064 -0.99809952138457436 -0.99874428653856728 -0.99623834615340445 -0.99729440227383737 -0.99541320116259147 -0.97089833253994573
decision_type=2 2 2 2 2 2 2 2 2 2 2 2 2 2 2 2 2 2 2 2 2 2
left_child=1 15 -3 -2 -5 6 7 8 9 -6 21 12 -12 -13 -4 -1 17 -17 19 -18 -20 -11
right_child=3 2 14 4 5 -7 -8 -9 -10 10 11 13 -14 -15 -16 16 18 -19 20 -21 -22 -23
leaf_value=-9.8154377828213075e-05 -0.00092806283180330875 0.0013760486205009897 -0.00012545902184420008 0.00030998275895702167 -0.00061915539549975201 0.0002560300159227492 -0.0011461003634375222 0.00021382896723665457 -0.00086584803073616818 0.00010244954583561115 -0.00012311575843287616 0.00027584005035558549 -0.0011273633555832674 -0.00032396142834331914 0.00045950116274953126 0.00015911297289006188 0.00016620116246382244 0.00067165531092211808 0.00044019787423195969 -0.00027713068013687092 4.3142170717521772e-05 0.00025774628821052093
leaf_weight=24.092382609844208 16.433549433946609 17.509168058633804 13.132589757442476 17.601437926292419 13.428751140832899 14.875881671905516 12.454294845461844 22.09530009329319 13.43020288646221 13.411842450499536 20.851147189736359 17.869655326008797 12.944307953119276 14.657121390104299 13.399255156517027 23.558515757322311 21.831857353448868 19.055645018815994 13.385360777378084 22.34711666405201 17.619238466024399 14.87688025832176
leaf_count=97 66 71 53 71 54 60 50 89 54 54 84 72 52 59 54 95 88 77 54 90 71 60
internal_value=-9.63062e-07 0.000252099 0.000649459 -0.000230564 -0.000169754 -0.000219165 -0.000264473 -0.000187992 -0.000261083 -0.000185906 -0.000124412 -0.000256011 -0.000507762 5.55925e-06 0.000169961 0.000128763 0.000175173 0.000388305 5.43702e-05 -5.805e-05 0.00021456 0.000184119
internal_weight=390.862 185.931 44.041 204.93 188.497 170.895 156.02 143.565 121.47 108.04 94.611 66.3222 33.7955 32.5268 26.5318 141.89 117.798 42.6142 75.1836 44.179 31.0046 28.2887
internal_count=1575 750 178 825 759 688 628 578 489 435 381 267 136 131 107 572 475 172 303 178 125 114
is_linear=0
shrinkage=0.00167704


Tree=51
num_leaves=21
num_cat=0
split_feature=1 1 1 1 1 1 1 1 1 1 1 1 1 1 1 1 1 1 1 1
split_gain=8.11608 3.68907 4.97934 1.88881 1.3329 4.31026 2.88057 2.44497 0.93926 1.66043 0.947613 1.8751 1.46958 0.74002 1.27337 1.42548 0.655837 0.977735 0.385864 0.189274
threshold=0.0052054444417174118 0.0030386524593678387 0.0040048307190119646 0.0073959544228075031 0.25124300516278603 0.64436365811689189 0.1431244951807307 0.083825536468839737 0.061224779660074745 0.031152889875884483 0.017009627046576898 0.010314289246546296 0.023332139519733182 0.00030614836655979419 0.0012036711758002818 0.0016862131302390222 0.00080373213385385707 0.00048159465905797861 0.0022654156993902985 0.013272963937056225
decision_type=2 2 2 2 2 2 2 2 2 2 2 2 2 2 2 2 2 2 2 2
left_child=1 13 -3 -2 6 -6 7 8 9 10 11 -5 -12 -1 16 -16 17 -15 -17 -13
right_child=3 2 -4 4 5 -7 -8 -9 -10 -11 12 19 -14 14 15 18 -18 -19 -20 -21
leaf_value=-0.00013433289905701154 -0.00070493797763714419 0.0012853379501145551 9.4795351614125283e-05 0.00022595142175242907 -0.00089661507601605762 0.00025560658089221098 0.00064812308395538227 -0.00075616946006108808 0.00033085004167954755 -0.0005193241481725267 0.00058697638490985357 -0.00055290791661140597 -0.0001581987213291114 0.00056699375353992199 -0.00029754779428894359 0.00037933292300697496 0.00062781079824071042 1.5973286052198439e-05 4.1169746826746717e-05 -0.00028430201730962547
leaf_weight=24.340809017419815 20.906582951545715 20.470698431134224 19.098047360777855 20.582140550017357 23.644944980740547 14.875535666942595 13.139145523309706 17.66432897746563 13.397017389535902 24.861124515533447 14.869674146175386 16.411633104085926 14.90341244637966 15.373328030109404 24.102818697690964 20.571537211537361 18.582213401794434 22.042515963315964 17.617269262671471 13.404365748167036
leaf_count=98 84 83 77 83 95 60 53 71 54 100 60 66 60 62 97 83 75 89 71 54
internal_value=-9.61441e-07 0.000257653 0.000710717 -0.00022678 -0.000173537 -0.000451659 -0.000101747 -0.000174143 -8.73312e-05 -0.000140671 -2.32502e-05 -0.000163388 0.000213967 0.000131964 0.00018676 2.17849e-05 0.000370277 0.000242375 0.000223331 -0.000432151
internal_weight=390.859 182.199 39.5687 208.66 187.753 38.5205 149.233 136.094 118.429 105.032 80.1712 50.3981 29.7731 142.63 118.29 62.2916 55.9981 37.4158 38.1888 29.816
internal_count=1575 735 160 840 756 155 601 548 477 423 323 203 120 575 477 251 226 151 154 120
is_linear=0
shrinkage=0.00167704


Tree=52
num_leaves=23
num_cat=0
split_feature=0 0 0 0 0 0 0 0 0 0 0 0 0 0 0 0 0 0 0 0 0 0
split_gain=8.02239 3.2205 5.42363 3.0725 1.57935 1.29951 3.71827 1.49328 1.95339 1.01865 1.3604 1.54833 2.8482 1.02727 0.806818 0.527458 1.07322 0.982093 0.479172 0.766908 0.423847 0.0594922
threshold=-0.98854950023815025 -0.99394081102218468 -0.99234026088379312 -0.98524397937580932 -0.98040820006281126 0.28826266527175909 -0.20104157924652091 -0.69250681251287449 -0.78387310355901707 -0.97551024006679643 -0.95919504482299089 -0.91442017443478096 -0.93831331655383099 -0.86178290098905552 -0.99077988322824229 -0.99933364039316064 -0.99809952138457436 -0.99874428653856728 -0.99623834615340445 -0.99729440227383737 -0.99541320116259147 -0.97089833253994573
decision_type=2 2 2 2 2 2 2 2 2 2 2 2 2 2 2 2 2 2 2 2 2 2
left_child=1 15 -3 -2 -5 6 7 8 9 -6 21 12 -12 -13 -4 -1 17 -17 19 -18 -20 -11
right_child=3 2 14 4 5 -7 -8 -9 -10 10 11 13 -14 -15 -16 16 18 -19 20 -21 -22 -23
leaf_value=-9.7762678128094114e-05 -0.00092522881455204663 0.001372094647308287 -0.00012597540307376118 0.00030916433035984312 -0.00061751037924856738 0.00025518377988929374 -0.0011425344928631567 0.00021369861441499201 -0.00086343667012276693 0.00010297727769976314 -0.00012304504262671128 0.00027583344809262319 -0.0011245178836298156 -0.00032315782128151542 0.00045895860208152491 0.00015822655724593001 0.00016545914245177308 0.0006702929551480356 0.00043885681242836254 -0.00027648625378571949 4.2977172389146474e-05 0.00025699904595098379
leaf_weight=24.092833057045937 16.435241997241974 17.503806933760643 13.132151976227762 17.60062949359417 13.429657995700834 14.875188767910002 12.455819964408873 22.094982028007507 13.431490346789358 13.412179514765741 20.851186618208878 17.869623899459839 12.945675715804098 14.657610863447195 13.398847237229345 23.557381153106689 21.830946877598763 19.054018169641495 13.384348154067995 22.347758963704109 17.619088992476463 14.876237288117407
leaf_count=97 66 71 53 71 54 60 50 89 54 54 84 72 52 59 54 95 88 77 54 90 71 60
internal_value=-9.59818e-07 0.00025129 0.000647489 -0.000229806 -0.000169172 -0.000218435 -0.000263589 -0.000187333 -0.000260277 -0.000185294 -0.000123944 -0.000255276 -0.000506653 5.91253e-06 0.000169432 0.000128329 0.000174572 0.000387201 5.40595e-05 -5.80985e-05 0.000213881 0.000183974
internal_weight=390.857 185.921 44.0348 204.936 188.5 170.9 156.024 143.569 121.474 108.042 94.6125 66.3241 33.7969 32.5272 26.531 141.886 117.794 42.6114 75.1821 44.1787 31.0034 28.2884
internal_count=1575 750 178 825 759 688 628 578 489 435 381 267 136 131 107 572 475 172 303 178 125 114
is_linear=0
shrinkage=0.00167704


Tree=53
num_leaves=21
num_cat=0
split_feature=1 1 1 1 1 1 1 1 1 1 1 1 1 1 1 1 1 1 1 1
split_gain=8.06298 3.66658 4.95188 1.87672 1.32776 4.28588 2.86855 2.42962 0.935988 1.6503 0.944815 1.86649 1.46304 0.735429 1.2657 1.41814 0.654024 0.976478 0.384216 0.187417
threshold=0.0052054444417174118 0.0030386524593678387 0.0040048307190119646 0.0073959544228075031 0.25124300516278603 0.64436365811689189 0.1431244951807307 0.083825536468839737 0.061224779660074745 0.031152889875884483 0.017009627046576898 0.010314289246546296 0.023332139519733182 0.00030614836655979419 0.0012036711758002818 0.0016862131302390222 0.00080373213385385707 0.00048159465905797861 0.0022654156993902985 0.013272963937056225
decision_type=2 2 2 2 2 2 2 2 2 2 2 2 2 2 2 2 2 2 2 2
left_child=1 13 -3 -2 6 -6 7 8 9 10 11 -5 -12 -1 16 -16 17 -15 -17 -13
right_child=3 2 -4 4 5 -7 -8 -9 -10 -11 12 19 -14 14 15 18 -18 -19 -20 -21
leaf_value=-0.00013394563572879115 -0.00070263214186955117 0.0012816961422006032 9.4353142814861455e-05 0.00022534325914291435 -0.00089419341291852364 0.00025476181597055262 0.00064702606493743302 -0.00075371114484676165 0.00033045393213822428 -0.0005177311630883151 0.00058588501336132384 -0.00055140467977374654 -0.00015763889744923733 0.00056581472893880449 -0.00029682744762666679 0.00037838084123504104 0.00062631072403987735 1.5132371971089159e-05 4.0935192543616549e-05 -0.00028412454158244043
leaf_weight=24.341258451342583 20.908355265855789 20.464959517121315 19.097593382000923 20.581423103809357 23.647010311484337 14.874841868877409 13.138311251997946 17.666058704257011 13.39672529697418 24.862669393420219 14.868733674287798 16.412654757499698 14.903798416256903 15.372318267822264 24.103606626391411 20.57043394446373 18.580562174320221 22.041417866945267 17.617040485143661 13.404482424259184
leaf_count=98 84 83 77 83 95 60 53 71 54 100 60 66 60 62 97 83 75 89 71 54
internal_value=-9.58193e-07 0.000256821 0.000708543 -0.00022603 -0.000172956 -0.000450535 -0.000101305 -0.000173546 -8.70038e-05 -0.000140249 -2.31844e-05 -0.000163113 0.000213685 0.00013152 0.000186148 2.16725e-05 0.00036912 0.000241393 0.000222707 -0.000431247
internal_weight=390.854 182.189 39.5626 208.665 187.757 38.5219 149.235 136.097 118.43 105.034 80.1711 50.3986 29.7725 142.627 118.285 62.2911 55.9943 37.4137 38.1875 29.8171
internal_count=1575 735 160 840 756 155 601 548 477 423 323 203 120 575 477 251 226 151 154 120
is_linear=0
shrinkage=0.00167704


Tree=54
num_leaves=22
num_cat=0
split_feature=0 0 0 0 0 0 0 0 0 0 0 0 0 0 0 0 0 0 0 0 0
split_gain=6.62879 3.1039 4.38617 2.87122 2.0821 0.886715 1.80124 0.959414 2.22136 3.37224 0.988634 1.74462 2.42171 0.808346 1.27939 0.871764 0.397046 0.974431 0.747943 0.120267 0.0307249
threshold=-0.98854950023815025 -0.99394081102218468 -0.99216102925129224 -0.98524397937580932 -0.98040820006281126 -0.97551024006679643 -0.95919504482299089 0.28826266527175909 -0.47021172940731037 -0.72477956861257542 -0.82653750479221333 -0.91442017443478096 -0.93831331655383099 -0.99933364039316064 -0.99809952138457436 -0.99874428653856728 -0.99657253082841624 -0.99587486381642509 -0.99729440227383737 -0.97089833253994573 -0.87562826089560974
decision_type=2 2 2 2 2 2 2 2 2 2 2 2 2 2 2 2 2 2 2 2 2
left_child=1 13 -3 -2 -5 -6 19 8 9 10 11 12 -8 -1 15 -15 18 -18 -16 -7 -13
right_child=3 2 -4 4 5 6 7 -9 -10 -11 -12 20 -14 14 16 -17 17 -19 -20 -21 -22
leaf_value=-0.00016697855419577383 -0.00088159366281521251 0.0012307233796208543 0.00016412836065194877 0.00040363536672352975 -0.00061587037294288125 0.00010350276979229101 -0.00012297438240950451 0.00015714551955420912 -0.00077258685568062447 0.00055199460687164754 -0.00069501667964416561 3.8913088226440678e-05 -0.0010410077162070488 0.00018759517416751589 0.0001123784980144538 0.00066893446982651433 0.00054086198995733931 -2.9404347745158876e-05 -0.00036688882198293322 0.00032337149631619054 0.00015353395485024414
leaf_weight=24.093282982707024 16.187862977385521 18.978221610188484 25.298390820622444 17.599820837378502 13.430555552244185 13.412515103816988 20.851224794983857 14.378679335117338 22.654225215315819 14.627415850758551 16.175261273980148 13.159089520573618 13.196015283465384 23.804017916321754 22.574234902858734 19.052389070391655 12.634627506136892 25.306296318769455 15.409304514527319 14.627856433391569 13.150283902883528
leaf_count=97 65 77 102 71 54 54 84 58 91 59 65 53 53 96 91 77 51 102 62 59 53
internal_value=5.5507e-06 0.000233337 0.000621301 -0.000203986 -0.00014541 -0.000202365 -0.000166818 -0.000251036 -0.000302604 -0.000185807 -0.000326822 -0.000228148 -0.000478785 0.000113107 0.000169919 0.000401581 3.91551e-05 0.000160499 -8.20525e-05 0.000218202 9.62043e-05
internal_weight=390.602 187.151 44.2766 203.451 187.263 169.663 156.233 128.192 113.814 91.1593 76.5319 60.3566 34.0472 142.874 118.781 42.8564 75.9245 37.9409 37.9835 28.0404 26.3094
internal_count=1574 755 179 819 754 683 629 516 458 367 308 243 137 576 479 173 306 153 153 113 106
is_linear=0
shrinkage=0.00167704


Tree=55
num_leaves=21
num_cat=0
split_feature=1 1 1 1 1 1 1 1 1 1 1 1 1 1 1 1 1 1 1 1
split_gain=6.67119 3.50839 4.0012 1.76434 1.70479 0.897444 2.87174 1.21202 3.01229 1.50504 0.824778 1.29956 1.41727 0.604157 0.633159 0.524964 1.84753 0.511715 0.35715 0.185495
threshold=0.0052054444417174118 0.0030386524593678387 0.0040048307190119646 0.0073959544228075031 0.010314289246546296 0.21863117948303404 0.55511199992644056 0.017009627046576898 0.023332139519733182 0.12296741798552104 0.00030614836655979419 0.0012299843633581072 0.0016862131302390222 0.0005998771595860222 0.00089195184110821778 0.041587731334065521 0.068134138066707275 0.0022654156993902985 0.030573449167667546 0.013272963937056225
decision_type=2 2 2 2 2 2 2 2 2 2 2 2 2 2 2 2 2 2 2 2
left_child=1 10 -3 -2 -5 7 -7 19 -9 15 -1 13 -13 -12 -15 18 -17 -14 -10 -6
right_child=3 2 -4 4 5 6 -8 8 9 -11 11 12 17 14 -16 16 -18 -19 -20 -21
leaf_value=-0.00016669625716349547 -0.00066567022374731943 0.0011960700631232525 0.00013223676139412262 0.00030609414211400039 -0.00054990628941392725 -0.00080543257306763005 9.479692740858388e-05 0.00065746494851085468 -0.00027217014765744781 0.00028838197456643459 0.00014714250491451347 -0.00033405636829338711 0.00037724438277455635 0.00071990676583174381 0.00026662783572380371 0.0002398787798393963 -0.00050158438710691923 -1.0733189265761499e-05 -0.00066077737061263127 -0.00028400438671906825
leaf_weight=24.09360571205616 20.661081537604332 20.459155634045601 19.345205560326576 20.580557227134705 16.413666307926182 23.385843351483345 17.367470175027847 14.620009973645208 13.41225850582123 16.133308157324791 24.051307678222656 22.367294862866402 20.569091647863388 17.318345308303833 17.349720627069473 17.624472185969353 20.381417319178581 17.865059539675713 13.195330530405043 13.404561147093771
leaf_count=97 83 83 78 83 66 94 70 59 54 65 97 90 83 70 70 71 82 72 53 54
internal_value=5.54145e-06 0.000238475 0.000679039 -0.000200677 -0.000149169 -0.000205633 -0.00042179 -0.000135264 -4.29935e-05 -0.000169819 0.000116368 0.000173429 1.57707e-06 0.000351374 0.000493062 -0.000284226 -0.000157746 0.000196904 -0.00046489 -0.000430372
internal_weight=390.599 183.419 39.8044 207.18 186.519 165.938 40.7533 125.185 95.3668 80.7468 143.614 119.521 60.8014 58.7194 34.6681 64.6135 38.0059 38.4342 26.6076 29.8182
internal_count=1574 740 161 834 751 668 164 504 384 325 579 482 245 237 140 260 153 155 107 120
is_linear=0
shrinkage=0.00167704


Tree=56
num_leaves=22
num_cat=0
split_feature=0 0 0 0 0 0 0 0 0 0 0 0 0 0 0 0 0 0 0 0 0
split_gain=6.58577 3.08523 4.35923 2.8545 2.06987 0.882807 1.79356 0.953784 2.20658 3.35872 0.984459 1.73661 2.40769 0.802918 1.2714 0.865863 0.394189 0.969845 0.743196 0.118709 0.0310995
threshold=-0.98854950023815025 -0.99394081102218468 -0.99216102925129224 -0.98524397937580932 -0.98040820006281126 -0.97551024006679643 -0.95919504482299089 0.28826266527175909 -0.47021172940731037 -0.72477956861257542 -0.82653750479221333 -0.91442017443478096 -0.93831331655383099 -0.99933364039316064 -0.99809952138457436 -0.99874428653856728 -0.99657253082841624 -0.99587486381642509 -0.99729440227383737 -0.97089833253994573 -0.87562826089560974
decision_type=2 2 2 2 2 2 2 2 2 2 2 2 2 2 2 2 2 2 2 2 2
left_child=1 13 -3 -2 -5 -6 19 8 9 10 11 12 -8 -1 15 -15 18 -18 -16 -7 -13
right_child=3 2 -4 4 5 6 7 -9 -10 -11 -12 20 -14 14 16 -17 17 -19 -20 -21 -22
leaf_value=-0.00016641441023919169 -0.00087891517268612752 0.0012270826421516214 0.00016367588826255938 0.00040253914710861602 -0.00061427395792276848 0.00010402594914468529 -0.00012278797867798947 0.00015672657129886194 -0.00077006710992347748 0.00055108020646500483 -0.00069339385545271316 3.8446470421193391e-05 -0.0010381304000426181 0.00018703949282861007 0.00011204447277740728 0.00066676855164717204 0.00053939233948004854 -2.9547685812954441e-05 -0.00036569375619490248 0.0003224669397027718 0.00015376435980227719
leaf_weight=24.093928039073944 16.189403012394905 18.972817346453667 25.297710567712784 17.598727822303772 13.43142034113407 13.412848100066187 20.851371914148324 14.378347456455229 22.656356021761894 14.626660436391829 16.176289632916458 13.158785447478296 13.197395861148832 23.80329729616642 22.573797941207886 19.049780294299126 12.633537024259565 25.306099221110344 15.410128772258757 14.627086088061331 13.150427773594854
leaf_count=97 65 77 102 71 54 54 84 58 91 59 65 53 53 96 91 77 51 102 62 59 53
internal_value=5.53221e-06 0.000232588 0.000619415 -0.000203317 -0.000144911 -0.000201695 -0.000166226 -0.000250262 -0.000301676 -0.000185266 -0.000325991 -0.000227525 -0.000477577 0.000112724 0.000169348 0.000400297 3.89942e-05 0.000159904 -8.17746e-05 0.000217976 9.60871e-05
internal_weight=390.596 187.141 44.2705 203.455 187.266 169.667 156.236 128.196 113.817 91.1609 76.5343 60.358 34.0488 142.871 118.777 42.8531 75.9236 37.9396 37.9839 28.0399 26.3092
internal_count=1574 755 179 819 754 683 629 516 458 367 308 243 137 576 479 173 306 153 153 113 106
is_linear=0
shrinkage=0.00167704


Tree=57
num_leaves=21
num_cat=0
split_feature=1 1 1 1 1 1 1 1 1 1 1 1 1 1 1 1 1 1 1 1
split_gain=6.62708 3.48635 3.97772 1.75252 1.69449 0.892555 2.85581 1.20885 2.99816 1.49587 0.819259 1.29175 1.40902 0.600947 0.628863 0.520862 1.83859 0.508767 0.353214 0.18359
threshold=0.0052054444417174118 0.0030386524593678387 0.0040048307190119646 0.0073959544228075031 0.010314289246546296 0.21863117948303404 0.55511199992644056 0.017009627046576898 0.023332139519733182 0.12296741798552104 0.00030614836655979419 0.0012299843633581072 0.0016862131302390222 0.0005998771595860222 0.00089195184110821778 0.041587731334065521 0.068134138066707275 0.0022654156993902985 0.030573449167667546 0.013272963937056225
decision_type=2 2 2 2 2 2 2 2 2 2 2 2 2 2 2 2 2 2 2 2
left_child=1 10 -3 -2 -5 7 -7 19 -9 15 -1 13 -13 -12 -15 18 -17 -14 -10 -6
right_child=3 2 -4 4 5 6 -8 8 9 -11 11 12 17 14 -16 16 -18 -19 -20 -21
leaf_value=-0.0001661332086482935 -0.00066341858592869883 0.0011925299612222562 0.0001317439449163088 0.00030522959555349905 -0.00054841282815586406 -0.00080307139134805751 9.4643800412037046e-05 0.00065621177188117494 -0.00027149928731436606 0.0002876626877745058 0.00014657837352950615 -0.00033312622551018219 0.00037611140183750819 0.0007176831794652841 0.00026592387789400282 0.00023945304769715182 -0.00050020929226119988 -1.0753151240687273e-05 -0.00065794621002230398 -0.00028388400600120315
leaf_weight=24.094249323010445 20.662768825888634 20.453510984778404 19.344695314764977 20.579539269208908 16.414666995406154 23.38792085647583 17.367260068655014 14.618934586644171 13.412684485316278 16.132609635591507 24.050567746162415 22.368226900696754 20.567747607827187 17.31589013338089 17.349029630422592 17.624072670936584 20.382573753595352 17.865025475621223 13.19670484960079 13.404639333486555
leaf_count=97 83 83 78 83 66 94 70 59 54 65 97 90 83 70 70 71 82 72 53 54
internal_value=5.52299e-06 0.000237695 0.000676914 -0.000200007 -0.00014867 -0.000204961 -0.000420522 -0.000134784 -4.2633e-05 -0.000169154 0.000115977 0.000172849 1.51669e-06 0.000350268 0.000491588 -0.000283206 -0.00015722 0.000196282 -0.000463154 -0.000429499
internal_weight=390.593 183.409 39.7982 207.184 186.522 165.942 40.7552 125.187 95.3676 80.7486 143.611 119.516 60.801 58.7155 34.6649 64.616 38.0066 38.4328 26.6094 29.8193
internal_count=1574 740 161 834 751 668 164 504 384 325 579 482 245 237 140 260 153 155 107 120
is_linear=0
shrinkage=0.00167704


Tree=58
num_leaves=22
num_cat=0
split_feature=0 0 0 0 0 0 0 0 0 0 0 0 0 0 0 0 0 0 0 0 0
split_gain=6.54303 3.06667 4.33246 2.83789 2.05771 0.878916 1.78591 0.948189 2.1919 3.34527 0.9803 1.72865 2.39377 0.797527 1.26346 0.860002 0.391352 0.965281 0.738478 0.117166 0.0314746
threshold=-0.98854950023815025 -0.99394081102218468 -0.99216102925129224 -0.98524397937580932 -0.98040820006281126 -0.97551024006679643 -0.95919504482299089 0.28826266527175909 -0.47021172940731037 -0.72477956861257542 -0.82653750479221333 -0.91442017443478096 -0.93831331655383099 -0.99933364039316064 -0.99809952138457436 -0.99874428653856728 -0.99657253082841624 -0.99587486381642509 -0.99729440227383737 -0.97089833253994573 -0.87562826089560974
decision_type=2 2 2 2 2 2 2 2 2 2 2 2 2 2 2 2 2 2 2 2 2
left_child=1 13 -3 -2 -5 -6 19 8 9 10 11 12 -8 -1 15 -15 18 -18 -16 -7 -13
right_child=3 2 -4 4 5 6 7 -9 -10 -11 -12 20 -14 14 16 -17 17 -19 -20 -21 -22
leaf_value=-0.00016585233814983986 -0.00087624650065508489 0.0012234551547460168 0.0001632248666630251 0.00040144606093223427 -0.0006126823075370075 0.00010454685000991605 -0.00012260212356464536 0.00015630868928558509 -0.0007675562632472702 0.00055016732984420832 -0.00069177538713586107 3.7981249460424344e-05 -0.0010352646024753079 0.00018648566330591487 0.00011171137168482902 0.0006646097033022343 0.00053792695444282522 -2.9690061777859086e-05 -0.00036450237177113493 0.00032156492843197316 0.00015399292182167727
leaf_weight=24.094570606946945 16.190917864441872 18.967377796769142 25.297029510140419 17.59763365983963 13.432275563478468 13.413178950548174 20.851515859365456 14.378016442060469 22.658455014228821 14.625902518630026 16.177307218313224 13.158482119441034 13.198753029108046 23.802577763795853 22.573359534144402 19.047163516283035 12.632443919777868 25.305902570486069 15.410947173833845 14.626314535737036 13.15056988596916
leaf_count=97 65 77 102 71 54 54 84 58 91 59 65 53 53 96 91 77 51 102 62 59 53
internal_value=5.51379e-06 0.000231842 0.000617535 -0.000202651 -0.000144413 -0.000201027 -0.000165636 -0.00024949 -0.000300751 -0.000184727 -0.000325162 -0.000226904 -0.000476373 0.000112342 0.000168778 0.000399017 3.88339e-05 0.000159311 -8.14975e-05 0.000217751 9.59696e-05
internal_weight=390.591 187.131 44.2644 203.459 187.268 169.671 156.238 128.199 113.821 91.1625 76.5366 60.3593 34.0503 142.867 118.772 42.8497 75.9227 37.9383 37.9843 28.0395 26.3091
internal_count=1574 755 179 819 754 683 629 516 458 367 308 243 137 576 479 173 306 153 153 113 106
is_linear=0
shrinkage=0.00167704


Tree=59
num_leaves=21
num_cat=0
split_feature=1 1 1 1 1 1 1 1 1 1 1 1 1 1 1 1 1 1 1 1
split_gain=6.58326 3.46446 3.95439 1.74078 1.68426 0.887695 2.83998 1.2057 2.9841 1.48676 0.813777 1.28399 1.40081 0.597757 0.624598 0.516789 1.8297 0.505835 0.349317 0.181701
threshold=0.0052054444417174118 0.0030386524593678387 0.0040048307190119646 0.0073959544228075031 0.010314289246546296 0.21863117948303404 0.55511199992644056 0.017009627046576898 0.023332139519733182 0.12296741798552104 0.00030614836655979419 0.0012299843633581072 0.0016862131302390222 0.0005998771595860222 0.00089195184110821778 0.041587731334065521 0.068134138066707275 0.0022654156993902985 0.030573449167667546 0.013272963937056225
decision_type=2 2 2 2 2 2 2 2 2 2 2 2 2 2 2 2 2 2 2 2
left_child=1 10 -3 -2 -5 7 -7 19 -9 15 -1 13 -13 -12 -15 18 -17 -14 -10 -6
right_child=3 2 -4 4 5 6 -8 8 9 -11 11 12 17 14 -16 16 -18 -19 -20 -21
leaf_value=-0.0001655719602116505 -0.00066117499273113259 0.0011890023673675433 0.00013125281013650264 0.00030436755993053005 -0.00054692425612437459 -0.0008007186160587412 9.4490776352975286e-05 0.00065496133900504812 -0.00027082970982363535 0.00028694493015990426 0.00014601598154609439 -0.0003321988118712875 0.0003749817912717522 0.00071546695736629008 0.0002652217620251743 0.00023902856453234531 -0.0004988385898483475 -1.0772663195861924e-05 -0.00065512576617891393 -0.00028376352211877657
leaf_weight=24.094889521598816 20.664431616663933 20.447831153869629 19.34418623149395 20.578518837690353 16.415657535195354 23.389967724680901 17.367049932479858 14.617857336997984 13.413109570741655 16.131907686591148 24.049829632043839 22.36915235221386 20.566402524709702 17.313427448272705 17.348337724804878 17.623673319816589 20.38371878862381 17.864990875124931 13.198056414723395 13.404718056321142
leaf_count=97 83 83 78 83 66 94 70 59 54 65 97 90 83 70 70 71 82 72 53 54
internal_value=5.5046e-06 0.000236919 0.000674796 -0.000199338 -0.000148173 -0.000204291 -0.000419259 -0.000134305 -4.22738e-05 -0.000168491 0.000115587 0.000172272 1.45668e-06 0.000349164 0.000490118 -0.00028219 -0.000156696 0.000195662 -0.000461425 -0.000428629
internal_weight=390.588 183.399 39.792 207.189 186.524 165.946 40.757 125.189 95.3683 80.7505 143.607 119.512 60.8005 58.7116 34.6618 64.6186 38.0074 38.4314 26.6112 29.8204
internal_count=1574 740 161 834 751 668 164 504 384 325 579 482 245 237 140 260 153 155 107 120
is_linear=0
shrinkage=0.00167704


Tree=60
num_leaves=24
num_cat=0
split_feature=0 0 0 0 0 0 0 0 0 0 0 0 0 0 0 0 0 0 0 0 0 0 0
split_gain=6.96313 3.22902 3.08702 3.07932 2.47068 1.54493 1.04115 0.960914 3.26203 2.30592 1.82869 1.24653 1.18262 1.41157 1.76179 0.805797 1.30921 1.04621 0.448805 0.664075 0.223156 0.137254 0.0150416
threshold=-0.98854950023815025 -0.99503110244404513 -0.99216102925129224 -0.98524397937580932 -0.9935946778859942 -0.98040820006281126 -0.99587486381642509 0.28826266527175909 -0.47021172940731037 -0.72477956861257542 -0.82653750479221333 -0.97551024006679643 -0.95919504482299089 -0.91442017443478096 -0.93831331655383099 -0.99657253082841624 -0.99729440227383737 -0.99915998328651756 -0.99809952138457436 -0.99874428653856728 -0.99947771568258748 -0.87562826089560974 -0.97089833253994573
decision_type=2 2 2 2 2 2 2 2 2 2 2 2 2 2 2 2 2 2 2 2 2 2 2
left_child=1 6 4 -2 -3 -5 15 8 9 10 11 -7 22 14 -14 16 17 20 19 -19 -1 -15 -13
right_child=3 2 -4 5 -6 7 -8 -9 -10 -11 -12 12 13 21 -16 -17 -18 18 -20 -21 -22 -23 -24
leaf_value=5.636974213724106e-05 -0.00091438759971284136 0.00043225969275712971 0.00013350292419754892 0.00032306652675910438 0.0013894686311630533 -0.00062520523515428069 -0.00036133693942259519 0.00020531627803118272 -0.00082501044022654753 0.00047932956512969219 -0.00074984216620784048 0.00017567075514256426 -0.00012241688914326669 -3.141236308971959e-05 -0.00090536229170191278 0.00053646582983434747 -0.00036331476602608192 0.00017622484470463352 0.00011137926996756159 0.00063116628246744197 -0.00023034655879438241 0.00020859745661584074 0.00025350185144570257
leaf_weight=15.400612622499468 16.441523462533951 14.621132940053942 25.047842845320702 17.100914597511292 15.756779968738554 12.935757949948309 13.147212222218512 14.625576555728911 23.158990681171417 14.873637020587919 15.929567307233809 13.165004506707193 20.851656585931771 13.406111106276514 13.200088188052176 12.631349340081213 15.411758810281752 17.355854570865624 22.5729214847088 18.797196194529533 15.14042091369628 13.398884475231183 14.873207911849013
leaf_count=62 66 59 101 69 64 52 53 59 93 60 64 53 84 54 53 51 62 70 91 76 61 54 60
internal_value=-4.51609e-06 0.00023026 0.000569368 -0.000218483 0.000928756 -0.000157467 8.61878e-05 -0.000205687 -0.000244271 -0.000142869 -0.000221456 -0.000138799 -6.80186e-05 -0.000199314 -0.000425924 0.000136343 8.80609e-05 0.00016599 0.000296919 0.000412764 -8.57671e-05 8.85602e-05 0.000216957
internal_weight=389.844 185.883 55.4258 203.961 30.3779 187.519 130.457 170.418 155.793 132.634 117.76 101.831 88.895 60.8567 34.0517 117.31 104.679 89.267 58.726 36.1531 30.541 26.805 28.0382
internal_count=1571 750 224 821 123 755 526 686 627 534 474 410 358 245 137 473 422 360 237 146 123 108 113
is_linear=0
shrinkage=0.00167704


Tree=61
num_leaves=21
num_cat=0
split_feature=1 1 1 1 1 1 1 1 1 1 1 1 1 1 1 1 1 1 1 1
split_gain=7.24163 3.82102 4.37219 2.21036 1.41902 3.54653 0.79025 1.1698 1.42011 0.651769 0.823093 2.5112 0.879183 0.591248 1.14301 0.500327 0.959782 0.303187 0.22462 0.0712471
threshold=0.0052054444417174118 0.0030386524593678387 0.0040048307190119646 0.0073959544228075031 0.21863117948303404 0.55511199992644056 0.00030614836655979419 0.0012299843633581072 0.0016862131302390222 0.010314289246546296 0.017009627046576898 0.023332139519733182 0.12296741798552104 0.00080373213385385707 0.00048159465905797861 0.080646466183991211 0.057545408518059317 0.0022654156993902985 0.031152889875884483 0.013272963937056225
decision_type=2 2 2 2 2 2 2 2 2 2 2 2 2 2 2 2 2 2 2 2
left_child=1 6 -3 -2 9 -6 -1 13 -9 -5 19 -12 15 14 -8 16 18 -10 -13 -11
right_child=3 2 -4 4 5 -7 7 8 17 10 11 12 -14 -15 -16 -17 -18 -19 -20 -21
leaf_value=-0.00016536736138499276 -0.00073925325842694764 0.0012464140951694209 0.00013081180492323521 0.0001993783761054023 -0.00085566533370655092 0.00013618648408037661 0.00056321260092077787 -0.00033127429273732001 0.00034109369330978962 -0.00044958478586730509 0.00058101246511879753 -0.00015467292144364438 0.00018180904246168814 0.00056364377078950932 -3.1279452608581171e-05 -0.00054722454970398027 0.00020522658945100857 4.047310215222688e-05 -0.00041757989285652039 -0.00028364589422967236
leaf_weight=24.095118522644043 20.666746705770493 20.195641249418259 19.343727707862854 19.833520218729973 23.890571594238281 17.614670902490616 15.370073944330214 22.370071589946747 20.317339867353439 15.919219076633455 14.864490464329718 14.905833363533018 16.130896911025047 20.808241963386536 22.282375082373619 13.188143506646155 13.39664478600025 17.616562962532043 23.626604184508324 13.404795438051222
leaf_count=97 83 82 78 80 96 71 62 90 82 64 60 60 65 84 90 53 54 71 95 54
internal_value=-4.50854e-06 0.000239247 0.000700631 -0.000218838 -0.000161254 -0.000434727 0.00011155 0.000167731 3.8552e-06 -8.31192e-05 -0.000127787 -5.27491e-05 -0.000168697 0.000336775 0.000211398 -0.000255525 -0.000181443 0.000201485 -0.000315877 -0.00037373
internal_weight=389.841 182.399 39.5394 207.442 186.775 41.5052 142.86 118.765 60.304 145.27 125.437 96.1126 81.2481 58.4607 37.6524 65.1172 51.9291 37.9339 38.5324 29.324
internal_count=1571 736 160 835 752 167 576 479 243 585 505 387 327 236 152 262 209 153 155 118
is_linear=0
shrinkage=0.00167704


Tree=62
num_leaves=24
num_cat=0
split_feature=0 0 0 0 0 0 0 0 0 0 0 0 0 0 0 0 0 0 0 0 0 0 0
split_gain=6.91752 3.2111 3.0694 3.06074 2.45528 1.53628 1.03847 0.95507 3.24122 2.29743 1.82038 1.24093 1.17826 1.40689 1.752 0.801699 1.30081 1.04051 0.447845 0.662663 0.223217 0.136047 0.0146382
threshold=-0.98854950023815025 -0.99503110244404513 -0.99216102925129224 -0.98524397937580932 -0.9935946778859942 -0.98040820006281126 -0.99587486381642509 0.28826266527175909 -0.47021172940731037 -0.72477956861257542 -0.82653750479221333 -0.97551024006679643 -0.95919504482299089 -0.91442017443478096 -0.93831331655383099 -0.99657253082841624 -0.99729440227383737 -0.99915998328651756 -0.99809952138457436 -0.99874428653856728 -0.99947771568258748 -0.87562826089560974 -0.97089833253994573
decision_type=2 2 2 2 2 2 2 2 2 2 2 2 2 2 2 2 2 2 2 2 2 2 2
left_child=1 6 4 -2 -3 -5 15 8 9 10 11 -7 22 14 -14 16 17 20 19 -19 -1 -15 -13
right_child=3 2 -4 5 -6 7 -8 -9 -10 -11 -12 12 13 21 -16 -17 -18 18 -20 -21 -22 -23 -24
leaf_value=5.6552058447149874e-05 -0.00091152532008565627 0.00043118878538805124 0.00013309945560286641 0.0003222735261664607 0.0013855014188308649 -0.0006236571044189519 -0.00036109882630054472 0.00020474998656598589 -0.00082232733922478105 0.00047867386567476922 -0.00074799629010962785 0.00017598580104925959 -0.0001223480415106027 -3.0832498251941698e-05 -0.00090309630786344452 0.00053506112629996558 -0.00036213098064786229 0.0001754764142413178 0.00011069761648965308 0.00062994722007594115 -0.00023020197621740574 0.00020811935366807209 0.00025276670279384832
leaf_weight=15.4007465839386 16.44313046336174 14.620166763663294 25.04722186923027 17.100138500332832 15.751633509993551 12.936551675200461 13.147367775440214 14.625117629766462 23.161219730973244 14.873080059885977 15.930688753724096 13.16520068049431 20.851687788963311 13.406493142247202 13.201141759753225 12.630292028188704 15.412564575672148 17.355138048529618 22.572044208645835 18.795721739530563 15.140498980879775 13.398539587855351 14.872559756040564
leaf_count=62 66 59 101 69 64 52 53 59 93 60 64 53 84 54 53 51 62 70 91 76 61 54 60
internal_value=-4.501e-06 0.000229515 0.000567706 -0.00021776 0.000926121 -0.000156926 8.58468e-05 -0.000205009 -0.000243474 -0.000142393 -0.000220832 -0.000138362 -6.77396e-05 -0.00019879 -0.000425018 0.000135939 8.77808e-05 0.000165464 0.000296041 0.000411767 -8.56032e-05 8.8608e-05 0.000216714
internal_weight=389.839 185.873 55.419 203.966 30.3718 187.522 130.454 170.422 155.797 132.636 117.763 101.832 88.8956 60.8579 34.0528 117.307 104.677 89.2641 58.7229 36.1509 30.5412 26.805 28.0378
internal_count=1571 750 224 821 123 755 526 686 627 534 474 410 358 245 137 473 422 360 237 146 123 108 113
is_linear=0
shrinkage=0.00167704


Tree=63
num_leaves=21
num_cat=0
split_feature=1 1 1 1 1 1 1 1 1 1 1 1 1 1 1 1 1 1 1 1
split_gain=7.19404 3.79758 4.34646 2.19585 1.41095 3.52642 0.786067 1.16342 1.41176 0.647561 0.821231 2.49948 0.873522 0.58956 1.14215 0.496937 0.95325 0.302233 0.222899 0.0702558
threshold=0.0052054444417174118 0.0030386524593678387 0.0040048307190119646 0.0073959544228075031 0.21863117948303404 0.55511199992644056 0.00030614836655979419 0.0012299843633581072 0.0016862131302390222 0.010314289246546296 0.017009627046576898 0.023332139519733182 0.12296741798552104 0.00080373213385385707 0.00048159465905797861 0.080646466183991211 0.057545408518059317 0.0022654156993902985 0.031152889875884483 0.013272963937056225
decision_type=2 2 2 2 2 2 2 2 2 2 2 2 2 2 2 2 2 2 2 2
left_child=1 6 -3 -2 9 -6 -1 13 -9 -5 19 -12 15 14 -8 16 18 -10 -13 -11
right_child=3 2 -4 4 5 -7 7 8 17 10 11 12 -14 -15 -16 -17 -18 -19 -20 -21
leaf_value=-0.00016500855179398411 -0.00073679079505441084 0.0012427737226924991 0.00013037239103056624 0.00019878864694074233 -0.00085311176738860311 0.00013590959092969892 0.00056228851438887349 -0.00033035248496780437 0.00034022874070361594 -0.00044830631173961577 0.0005799344506561213 -0.0001541390508729561 0.00018134177138745452 0.00056234946838053278 -3.1996443180725296e-05 -0.00054528334070168554 0.00020460692472833275 4.0076057125543195e-05 -0.00041603193190309281 -0.0002835279814979047
leaf_weight=24.095526605844498 20.668527409434319 20.189696326851845 19.343270346522331 19.832835331559181 23.892786338925362 17.614333748817444 15.369271010160444 22.370983928442001 20.316299989819527 15.92002882063389 14.863542348146437 14.906197249889372 16.130401402711868 20.806631475687027 22.281408816576004 13.189129605889319 13.396205797791479 17.616190180182457 23.628012970089912 13.404872953891752
leaf_count=97 83 82 78 80 96 71 62 90 82 64 60 60 65 84 90 53 54 71 95 54
internal_value=-4.49346e-06 0.000238471 0.000698482 -0.00021811 -0.000160714 -0.000433402 0.000111171 0.000167206 3.77866e-06 -8.28014e-05 -0.000127323 -5.23703e-05 -0.000168042 0.000335794 0.000210595 -0.000254585 -0.000180755 0.000200835 -0.000314724 -0.000372984
internal_weight=389.836 182.389 39.533 207.447 186.778 41.5071 142.856 118.761 60.3035 145.271 125.438 96.1135 81.2499 58.4573 37.6507 65.1195 51.9304 37.9325 38.5342 29.3249
internal_count=1571 736 160 835 752 167 576 479 243 585 505 387 327 236 152 262 209 153 155 118
is_linear=0
shrinkage=0.00167704


Tree=64
num_leaves=24
num_cat=0
split_feature=0 0 0 0 0 0 0 0 0 0 0 0 0 0 0 0 0 0 0 0 0 0 0
split_gain=6.87222 3.19329 3.05189 3.04228 2.43999 1.52769 1.0358 0.949261 3.22056 2.28899 1.81211 1.23535 1.17392 1.40222 1.74227 0.797622 1.29247 1.03484 0.446887 0.661254 0.223275 0.13485 0.0142418
threshold=-0.98854950023815025 -0.99503110244404513 -0.99216102925129224 -0.98524397937580932 -0.9935946778859942 -0.98040820006281126 -0.99587486381642509 0.28826266527175909 -0.47021172940731037 -0.72477956861257542 -0.82653750479221333 -0.97551024006679643 -0.95919504482299089 -0.91442017443478096 -0.93831331655383099 -0.99657253082841624 -0.99729440227383737 -0.99915998328651756 -0.99809952138457436 -0.99874428653856728 -0.99947771568258748 -0.87562826089560974 -0.97089833253994573
decision_type=2 2 2 2 2 2 2 2 2 2 2 2 2 2 2 2 2 2 2 2 2 2 2
left_child=1 6 4 -2 -3 -5 15 8 9 10 11 -7 22 14 -14 16 17 20 19 -19 -1 -15 -13
right_child=3 2 -4 5 -6 7 -8 -9 -10 -11 -12 12 13 21 -16 -17 -18 18 -20 -21 -22 -23 -24
leaf_value=5.6733456424313282e-05 -0.00090867349194810479 0.00043012124194590759 0.00013269717006877407 0.00032148261112886978 0.001381548974399481 -0.00062211341849806312 -0.00036086000928803769 0.00020418510174406674 -0.00081965377056237817 0.00047801888409549167 -0.00074615609227596637 0.00017629916158496911 -0.00012227928501645695 -3.0255543011524876e-05 -0.0009008380171977178 0.00053366020116152844 -0.00036095094538545668 0.00017473058088404145 0.00011001821491483478 0.00062873157042038193 -0.00023005721182184989 0.00020764243889126728 0.00025203382266553371
leaf_weight=15.400880545377733 16.444710910320282 14.619199499487879 25.046600177884102 17.099362224340439 15.746449798345564 12.937337577342985 13.147523418068884 14.624658703804014 23.163413017988205 14.872520774602888 15.931797862052916 13.165395855903627 20.851717382669442 13.406872496008875 13.202180594205855 12.629232451319693 15.413364201784132 17.354421168565743 22.571165159344687 18.794245198369026 15.140576511621466 13.398194432258618 14.871910393238059
leaf_count=62 66 59 101 69 64 52 53 59 93 60 64 53 84 54 53 51 62 70 91 76 61 54 60
internal_value=-4.48593e-06 0.000228773 0.000566051 -0.000217039 0.000923495 -0.000156387 8.5507e-05 -0.000204333 -0.00024268 -0.000141919 -0.000220211 -0.000137927 -6.74616e-05 -0.000198268 -0.000424115 0.000135536 8.75016e-05 0.000164939 0.000295166 0.000410773 -8.54397e-05 8.86549e-05 0.000216471
internal_weight=389.834 185.864 55.4122 203.97 30.3656 187.525 130.451 170.426 155.801 132.638 117.765 101.834 88.8963 60.859 34.0539 117.304 104.675 89.2613 58.7198 36.1487 30.5415 26.8051 28.0373
internal_count=1571 750 224 821 123 755 526 686 627 534 474 410 358 245 137 473 422 360 237 146 123 108 113
is_linear=0
shrinkage=0.00167704


Tree=65
num_leaves=21
num_cat=0
split_feature=1 1 1 1 1 1 1 1 1 1 1 1 1 1 1 1 1 1 1 1
split_gain=7.14677 3.77429 4.3209 2.18143 1.40293 3.50643 0.781907 1.15708 1.40347 0.64338 0.819375 2.48781 0.867894 0.587877 1.1413 0.49357 0.946759 0.301283 0.221191 0.0692751
threshold=0.0052054444417174118 0.0030386524593678387 0.0040048307190119646 0.0073959544228075031 0.21863117948303404 0.55511199992644056 0.00030614836655979419 0.0012299843633581072 0.0016862131302390222 0.010314289246546296 0.017009627046576898 0.023332139519733182 0.12296741798552104 0.00080373213385385707 0.00048159465905797861 0.080646466183991211 0.057545408518059317 0.0022654156993902985 0.031152889875884483 0.013272963937056225
decision_type=2 2 2 2 2 2 2 2 2 2 2 2 2 2 2 2 2 2 2 2
left_child=1 6 -3 -2 9 -6 -1 13 -9 -5 19 -12 15 14 -8 16 18 -10 -13 -11
right_child=3 2 -4 4 5 -7 7 8 17 10 11 12 -14 -15 -16 -17 -18 -19 -20 -21
leaf_value=-0.00016465069090529133 -0.00073433722218049498 0.0012391465585732027 0.00012993415006012102 0.00019820051312928472 -0.00085056752577833395 0.00013563336399584474 0.00056136657695960422 -0.0003294333194190135 0.00033936651052358523 -0.00044703209862478438 0.00057885889723432191 -0.00015360633157207506 0.00018087506647245866 0.00056105879871638884 -3.2710461348688585e-05 -0.00054334847051801 0.00020398881013758915 3.9680887712232911e-05 -0.00041448940827553272 -0.00028341004597297559
leaf_weight=24.095931798219681 20.670278206467628 20.183711349964142 19.342814147472382 19.832148879766464 23.894965723156929 17.613996401429176 15.368467494845389 22.371890038251877 20.315259143710136 15.920829743146898 14.862592354416845 14.906558990478514 16.129903689026833 20.80501826107502 22.280443757772446 13.19010381400585 13.395767211914061 17.61581739783287 23.629403620958328 13.404950201511381
leaf_count=97 83 82 78 80 96 71 62 90 82 64 60 60 65 84 90 53 54 71 95 54
internal_value=-4.47841e-06 0.000237698 0.000696339 -0.000217385 -0.000160177 -0.000432081 0.000110794 0.000166682 3.7027e-06 -8.24848e-05 -0.000126861 -5.1993e-05 -0.000167389 0.000334817 0.000209795 -0.000253649 -0.000180069 0.000200188 -0.000313574 -0.00037224
internal_weight=389.831 182.379 39.5265 207.451 186.781 41.509 142.853 118.757 60.303 145.272 125.44 96.1143 81.2517 58.4539 37.6489 65.1218 51.9317 37.9311 38.536 29.3258
internal_count=1571 736 160 835 752 167 576 479 243 585 505 387 327 236 152 262 209 153 155 118
is_linear=0
shrinkage=0.00167704


Tree=66
num_leaves=24
num_cat=0
split_feature=0 0 0 0 0 0 0 0 0 0 0 0 0 0 0 0 0 0 0 0 0 0 0
split_gain=5.72375 3.4075 5.45039 2.80043 1.6863 1.1238 3.2213 1.32242 2.59661 0.891092 1.02588 1.25476 1.81375 0.810498 0.679939 1.9253 0.541918 1.16292 0.570696 0.434761 0.176982 0.461852 0.0529309
threshold=-0.98854950023815025 -0.99394081102218468 -0.99234026088379312 -0.98524397937580932 -0.98040820006281126 0.28826266527175909 -0.20104157924652091 -0.69250681251287449 -0.78387310355901707 -0.97551024006679643 -0.95919504482299089 -0.91442017443478096 -0.93831331655383099 -0.86178290098905552 -0.99809952138457436 -0.99874428653856728 -0.99657253082841624 -0.99587486381642509 -0.99729440227383737 -0.99077988322824229 -0.9991373172670136 -0.99947771568258748 -0.97089833253994573
decision_type=2 2 2 2 2 2 2 2 2 2 2 2 2 2 2 2 2 2 2 2 2 2 2
left_child=1 14 -3 -2 -5 6 7 8 9 -6 22 12 -12 -13 15 20 18 -18 -16 -4 21 -1 -11
right_child=3 2 19 4 5 -7 -8 -9 -10 10 11 13 -14 -15 16 -17 17 -19 -20 -21 -22 -23 -24
leaf_value=0.00016580559293953749 -0.00086504391644712394 0.0013464302242899239 -7.4157612816410317e-05 0.00035989308451830822 -0.0005502038904112716 0.00025140325947625275 -0.0010400818280870828 0.00021807647370931056 -0.00093049690027598468 0.00010601669697088465 -0.00012221069207580312 0.000275224921770581 -0.00092604222940348955 -0.00025930529542030241 8.0097560253571243e-06 0.00065882842119916124 0.00053226283939962721 -9.2906044255160905e-05 -0.00041153104516870686 0.00035735285481215044 0.0001742935752451259 -0.0002372577682164899 0.00025130291980487817
leaf_weight=15.401012659072871 16.197078004479408 17.467427015304565 13.373723253607752 17.34636127948761 13.186623319983481 14.872067570686339 12.712354704737661 22.097846210002899 13.186697438359259 13.414108023047449 20.851745277643197 17.868956878781319 12.70494496822357 14.413089454174047 21.826205030083656 19.040062218904495 12.628171771764753 24.808507695794106 15.662809252738951 12.902038887143133 15.618593588471411 16.627890184521679 14.871260359883307
leaf_count=62 65 71 54 70 53 60 51 89 53 54 84 72 51 58 88 77 51 100 63 52 63 67 60
internal_value=-1.98804e-06 0.000211258 0.000620382 -0.000196009 -0.000138223 -0.000188996 -0.000231168 -0.000159053 -0.000228214 -0.000141915 -8.4715e-05 -0.000199473 -0.00042655 3.65712e-05 8.48831e-05 0.000208057 -2.4748e-05 0.000117976 -0.000167273 0.000137725 2.7928e-05 -4.34458e-05 0.000182402
internal_weight=389.08 185.356 43.7432 203.723 187.526 170.18 155.308 142.595 120.497 107.311 94.1241 65.8387 33.5567 32.282 141.613 66.6876 74.9257 37.4367 37.489 26.2758 47.6475 32.0289 28.2854
internal_count=1568 748 177 820 755 685 625 574 485 432 379 265 135 130 571 269 302 151 151 106 192 129 114
is_linear=0
shrinkage=0.00167704


Tree=67
num_leaves=22
num_cat=0
split_feature=1 1 1 1 1 1 1 1 1 1 1 1 1 1 1 1 1 1 1 1 1
split_gain=5.75131 3.81178 5.0573 1.71951 1.36412 1.13976 3.52117 0.918747 1.61407 1.15163 2.27799 1.21998 0.731385 1.56106 1.36797 0.856458 0.745019 0.343088 0.264547 0.21725 0.12255
threshold=0.0052054444417174118 0.0030386524593678387 0.0040048307190119646 0.0073959544228075031 0.010314289246546296 0.64436365811689189 0.38197877997841073 0.15756349930236166 0.083825536468839737 0.017009627046576898 0.023332139519733182 0.061224779660074745 0.0012299843633581072 0.0016862131302390222 0.0005998771595860222 0.00089195184110821778 0.0022654156993902985 0.00022999237267126404 0.00040013923387659061 0.031152889875884483 0.012979945099212952
decision_type=2 2 2 2 2 2 2 2 2 2 2 2 2 2 2 2 2 2 2 2 2
left_child=1 12 -3 -2 -5 6 7 8 9 20 -11 19 14 -14 17 -16 -15 -1 -19 -12 -6
right_child=3 2 -4 4 5 -7 -8 -9 -10 10 11 -13 13 16 15 -17 -18 18 -20 -21 -22
leaf_value=0.00021225817508840837 -0.00065172202195215546 0.001256613329515602 5.1988331970394876e-05 0.00026814289919512469 -0.00029014819150180844 0.00025098737318771634 -0.0010543043516755787 0.0001708949131367791 -0.00064181094663785408 0.00057778574661735414 -0.00015307241954727773 0.00027687068310652477 -0.00040322378235790624 0.00037134807040424143 0.00070981830184368511 0.00017864787423377496 -0.00010040368940403891 -0.00023758664438215115 6.6363347983540435e-05 -0.00040959532944702647 -0.00050606068176150274
leaf_weight=15.649253532290457 20.671235531568527 20.423846304416656 18.846465259790421 20.327668771147728 14.679031252861025 14.871722459793089 13.460294052958487 20.606755867600441 20.402280017733574 14.861641377210615 14.906920552253721 13.147441804409025 22.373038396239281 20.561981007456779 17.307058870792389 16.848721370100975 17.367680266499519 16.627609416842461 15.618108466267584 24.621797651052475 14.896167263388632
leaf_count=63 83 83 76 82 59 60 54 83 82 60 60 53 90 83 70 68 70 67 63 99 60
internal_value=-1.98469e-06 0.000215928 0.000678494 -0.000192766 -0.000141973 -0.000192057 -0.000235524 -0.000155733 -0.000213008 -0.000122922 -2.07034e-06 -0.000165666 8.83227e-05 -5.1896e-05 0.000191376 0.000447797 0.000155337 8.51142e-06 -9.03695e-05 -0.000312856 -0.000398897
internal_weight=389.077 181.624 39.2703 207.453 186.782 166.454 151.582 138.122 117.515 97.113 67.5378 52.6762 142.353 60.3027 82.0508 34.1558 37.9297 47.895 32.2457 39.5287 29.5752
internal_count=1568 733 159 835 752 670 610 556 473 391 272 212 574 243 331 138 153 193 130 159 119
is_linear=0
shrinkage=0.00167704


Tree=68
num_leaves=24
num_cat=0
split_feature=0 0 0 0 0 0 0 0 0 0 0 0 0 0 0 0 0 0 0 0 0 0 0
split_gain=5.68666 3.38697 5.41863 2.78417 1.67645 1.11632 3.19894 1.31502 2.582 0.888111 1.02258 1.25121 1.80385 0.808152 0.675756 1.91255 0.538055 1.15726 0.566871 0.435124 0.176177 0.458597 0.0521397
threshold=-0.98854950023815025 -0.99394081102218468 -0.99234026088379312 -0.98524397937580932 -0.98040820006281126 0.28826266527175909 -0.20104157924652091 -0.69250681251287449 -0.78387310355901707 -0.97551024006679643 -0.95919504482299089 -0.91442017443478096 -0.93831331655383099 -0.86178290098905552 -0.99809952138457436 -0.99874428653856728 -0.99657253082841624 -0.99587486381642509 -0.99729440227383737 -0.99077988322824229 -0.9991373172670136 -0.99947771568258748 -0.97089833253994573
decision_type=2 2 2 2 2 2 2 2 2 2 2 2 2 2 2 2 2 2 2 2 2 2 2
left_child=1 14 -3 -2 -5 6 7 8 9 -6 22 12 -12 -13 15 20 18 -18 -16 -4 21 -1 -11
right_child=3 2 19 4 5 -7 -8 -9 -10 10 11 13 -14 -15 16 -17 17 -19 -20 -21 -22 -23 -24
leaf_value=0.00016517650575411784 -0.00086242609891937791 0.001342596739005771 -7.4682152620704473e-05 0.0003589261792894466 -0.00054903420932170916 0.00025057233966542503 -0.0010364526086537634 0.00021754533284969963 -0.00092776049277383185 0.00010654399226488134 -0.00012214213545372939 0.00027511678148704906 -0.00092375540616175436 -0.00025863627746421574 7.9856103474551521e-06 0.00065670760981847954 0.00053081937272329979 -9.2842519379786375e-05 -0.00041013983312462589 0.00035701447998922318 0.00017390192448993509 -0.00023646327018396696 0.00025074052209864947
leaf_weight=15.400547027587885 16.198470816016197 17.461772337555885 13.373242154717447 17.345392912626266 13.187222942709921 14.871376454830168 12.71378619968891 22.097257271409035 13.188110545277594 13.414448931813242 20.851772323250763 17.868831664323807 12.705935999751089 14.41346444189549 21.826132699847221 19.037429466843605 12.627070590853689 24.808578714728355 15.663756161928175 12.901781424880026 15.618257120251654 16.628552943468097 14.870735540986059
leaf_count=62 65 71 54 70 53 60 51 89 53 54 84 72 51 58 88 77 51 100 63 52 63 67 60
internal_value=-1.98137e-06 0.000210582 0.000618507 -0.000195368 -0.000137748 -0.00018837 -0.000230399 -0.000158533 -0.000227498 -0.000141439 -8.43341e-05 -0.000198905 -0.000425657 3.68056e-05 8.45927e-05 0.000207391 -2.46996e-05 0.000117519 -0.000166713 0.000137293 2.78675e-05 -4.33429e-05 0.000182354
internal_weight=389.074 185.347 43.7368 203.727 187.528 170.183 155.312 142.598 120.501 107.312 94.1252 65.84 33.5577 32.2823 141.61 66.6848 74.9255 37.4356 37.4899 26.275 47.6474 32.0291 28.2852
internal_count=1568 748 177 820 755 685 625 574 485 432 379 265 135 130 571 269 302 151 151 106 192 129 114
is_linear=0
shrinkage=0.00167704


Tree=69
num_leaves=22
num_cat=0
split_feature=1 1 1 1 1 1 1 1 1 1 1 1 1 1 1 1 1 1 1 1 1
split_gain=5.71364 3.78827 5.02936 1.70838 1.35585 1.13222 3.49814 0.912188 1.60266 1.14838 2.26755 1.21444 0.727091 1.55187 1.36008 0.850641 0.740915 0.341225 0.262449 0.216094 0.123068
threshold=0.0052054444417174118 0.0030386524593678387 0.0040048307190119646 0.0073959544228075031 0.010314289246546296 0.64436365811689189 0.38197877997841073 0.15756349930236166 0.083825536468839737 0.017009627046576898 0.023332139519733182 0.061224779660074745 0.0012299843633581072 0.0016862131302390222 0.0005998771595860222 0.00089195184110821778 0.0022654156993902985 0.00022999237267126404 0.00040013923387659061 0.031152889875884483 0.012979945099212952
decision_type=2 2 2 2 2 2 2 2 2 2 2 2 2 2 2 2 2 2 2 2 2
left_child=1 12 -3 -2 -5 6 7 8 9 20 -11 19 14 -14 17 -16 -15 -1 -19 -12 -6
right_child=3 2 -4 4 5 -7 -8 -9 -10 10 11 -13 13 16 15 -17 -18 18 -20 -21 -22
leaf_value=0.00021164215201812596 -0.00064957875502135614 0.0012530584956730033 5.1675005065197755e-05 0.00026738248924766488 -0.00028912017497567525 0.00025015791035710462 -0.0010508011298536897 0.00017024896910112063 -0.0006395475439005564 0.00057671482611395142 -0.00015253981538230658 0.00027649157795091962 -0.00040205933001873773 0.00037027492227463066 0.0007076285351242448 0.0001782431867068769 -0.00010018144070537173 -0.00023679244593088634 6.594906252840425e-05 -0.00040837553991538079 -0.00050548550326924015
leaf_weight=15.648789301514624 20.672715947031975 20.417770370841026 18.846143156290054 20.326764732599258 14.679619193077089 14.871031343936918 13.461747318506239 20.606099784374237 20.404096499085426 14.860689193010328 14.907280683517454 13.147164091467856 22.374174579977989 20.560675472021103 17.304568439722061 16.848325058817863 17.367858961224556 16.62827080488205 15.617753461003302 24.622868746519089 14.896579429507254
leaf_count=63 83 83 76 82 59 60 54 83 82 60 60 53 90 83 70 68 70 67 63 99 60
internal_value=-1.97802e-06 0.000215229 0.000676411 -0.000192128 -0.000141499 -0.000191429 -0.00023475 -0.000155217 -0.000212286 -0.000122516 -1.8341e-06 -0.000165047 8.80236e-05 -5.17818e-05 0.000190777 0.000446472 0.000154848 8.44498e-06 -9.01653e-05 -0.000311897 -0.000398096
internal_weight=389.071 181.614 39.2639 207.457 186.784 166.457 151.586 138.124 117.518 97.1142 67.538 52.6773 142.35 60.3027 82.0477 34.1529 37.9285 47.8948 32.246 39.5301 29.5762
internal_count=1568 733 159 835 752 670 610 556 473 391 272 212 574 243 331 138 153 193 130 159 119
is_linear=0
shrinkage=0.00167704


Tree=70
num_leaves=24
num_cat=0
split_feature=0 0 0 0 0 0 0 0 0 0 0 0 0 0 0 0 0 0 0 0 0 0 0
split_gain=5.64982 3.36656 5.38708 2.768 1.66665 1.10889 3.17674 1.30765 2.56748 0.885141 1.01929 1.24768 1.79399 0.805814 0.671599 1.89989 0.534219 1.15162 0.563071 0.435481 0.175376 0.455365 0.051357
threshold=-0.98854950023815025 -0.99394081102218468 -0.99234026088379312 -0.98524397937580932 -0.98040820006281126 0.28826266527175909 -0.20104157924652091 -0.69250681251287449 -0.78387310355901707 -0.97551024006679643 -0.95919504482299089 -0.91442017443478096 -0.93831331655383099 -0.86178290098905552 -0.99809952138457436 -0.99874428653856728 -0.99657253082841624 -0.99587486381642509 -0.99729440227383737 -0.99077988322824229 -0.9991373172670136 -0.99947771568258748 -0.97089833253994573
decision_type=2 2 2 2 2 2 2 2 2 2 2 2 2 2 2 2 2 2 2 2 2 2 2
left_child=1 14 -3 -2 -5 6 7 8 9 -6 22 12 -12 -13 15 20 18 -18 -16 -4 21 -1 -11
right_child=3 2 19 4 5 -7 -8 -9 -10 10 11 13 -14 -15 16 -17 17 -19 -20 -21 -22 -23 -24
leaf_value=0.00016454955806877243 -0.00085981753434388438 0.0013387772340785948 -7.5203727285380227e-05 0.00035796195156616664 -0.00054786759178628724 0.00024974410039492587 -0.0010328385023334243 0.00021701569438929081 -0.000925034154960414 0.00010706915917893823 -0.00012207385775233947 0.00027500772051798926 -0.00092147552955868157 -0.00025796979436337259 7.9614942348791143e-06 0.00065459377064662721 0.00052938003981707941 -9.2778830266268997e-05 -0.00040875315254033093 0.00035667605234342636 0.00017351144665294784 -0.00023567142459215005 0.00025017966162051782
leaf_weight=15.400082319974894 16.199841350317001 17.456080392003059 13.372760698199274 17.344424456357956 13.187817156314848 14.870686233043669 12.715184837579725 22.096667930483818 13.189502924680708 13.414788007736208 20.851798430085175 17.868705108761787 12.706913664937018 14.413835555315023 21.826060488820076 19.034789323806763 12.625967532396315 24.808648496866226 15.664694935083388 12.901523843407629 15.617921575903891 16.629211366176609 14.870208889245985
leaf_count=62 65 71 54 70 53 60 51 89 53 54 84 72 51 58 88 77 51 100 63 52 63 67 60
internal_value=-1.9747e-06 0.000209907 0.000616638 -0.000194728 -0.000137274 -0.000187746 -0.000229634 -0.000158015 -0.000226784 -0.000140965 -8.39547e-05 -0.000198339 -0.000424765 3.70385e-05 8.43034e-05 0.000206727 -2.46513e-05 0.000117063 -0.000166154 0.000136863 2.78072e-05 -4.32402e-05 0.000182306
internal_weight=389.068 185.338 43.7304 203.73 187.531 170.186 155.315 142.6 120.504 107.314 94.1262 65.8413 33.5587 32.2825 141.607 66.682 74.9254 37.4346 37.4908 26.2743 47.6472 32.0293 28.285
internal_count=1568 748 177 820 755 685 625 574 485 432 379 265 135 130 571 269 302 151 151 106 192 129 114
is_linear=0
shrinkage=0.00167704


Tree=71
num_leaves=22
num_cat=0
split_feature=1 1 1 1 1 1 1 1 1 1 1 1 1 1 1 1 1 1 1 1 1
split_gain=5.67622 3.7649 5.00159 1.69733 1.34763 1.12472 3.47528 0.905673 1.59132 1.14515 2.25715 1.20893 0.722823 1.54273 1.35223 0.844863 0.736833 0.339373 0.260367 0.214946 0.123586
threshold=0.0052054444417174118 0.0030386524593678387 0.0040048307190119646 0.0073959544228075031 0.010314289246546296 0.64436365811689189 0.38197877997841073 0.15756349930236166 0.083825536468839737 0.017009627046576898 0.023332139519733182 0.061224779660074745 0.0012299843633581072 0.0016862131302390222 0.0005998771595860222 0.00089195184110821778 0.0022654156993902985 0.00022999237267126404 0.00040013923387659061 0.031152889875884483 0.012979945099212952
decision_type=2 2 2 2 2 2 2 2 2 2 2 2 2 2 2 2 2 2 2 2 2
left_child=1 12 -3 -2 -5 6 7 8 9 20 -11 19 14 -14 17 -16 -15 -1 -19 -12 -6
right_child=3 2 -4 4 5 -7 -8 -9 -10 10 11 -13 13 16 15 -17 -18 18 -20 -21 -22
leaf_value=0.00021102819049617335 -0.0006474433110372741 0.0012495164114868691 5.1362682662468791e-05 0.00026662415535513303 -0.00028809556008398802 0.00024933112828929075 -0.0010473126233876391 0.00016960487792571342 -0.00063729227122514913 0.00057564622730500563 -0.00015200852553430634 0.00027611252981052479 -0.00040089858546352917 0.00036920480784512867 0.0007054461189065441 0.00017783959189148583 -9.9959345133584929e-05 -0.0002360010133079997 6.5536180666146449e-05 -0.00040715963265979888 -0.00050491135585993725
leaf_weight=15.648324146866797 20.674173280596733 20.411655187606812 18.845822215080261 20.325859606266022 14.68020159006119 14.870341122150419 13.463167503476141 20.605443745851517 20.405888602137566 14.859735265374182 14.907639384269713 13.146885797381399 22.375301539897919 20.559368178248405 17.302069872617722 16.847929656505585 17.368036344647408 16.628928124904633 15.617398858070372 24.623926654458046 14.89699052274227
leaf_count=63 83 83 76 82 59 60 54 83 82 60 60 53 90 83 70 68 70 67 63 99 60
internal_value=-1.97141e-06 0.000214533 0.000674334 -0.000191493 -0.000141027 -0.000190803 -0.000233979 -0.000154703 -0.000211566 -0.000122112 -1.5989e-06 -0.00016443 8.77255e-05 -5.16678e-05 0.000190179 0.000445151 0.000154361 8.37877e-06 -8.99618e-05 -0.00031094 -0.000397298
internal_weight=389.065 181.605 39.2575 207.46 186.786 166.46 151.59 138.127 117.521 97.1154 67.5382 52.6785 142.347 60.3027 82.0447 34.15 37.9274 47.8947 32.2463 39.5316 29.5772
internal_count=1568 733 159 835 752 670 610 556 473 391 272 212 574 243 331 138 153 193 130 159 119
is_linear=0
shrinkage=0.00167704


Tree=72
num_leaves=22
num_cat=0
split_feature=0 0 0 0 0 0 0 0 0 0 0 0 0 0 0 0 0 0 0 0 0
split_gain=6.11441 3.04454 2.68541 3.71559 2.01752 0.922241 3.68083 1.3373 1.67304 1.05479 0.972254 1.35721 2.52716 0.818245 0.618764 1.01266 0.954014 1.01193 0.828378 0.25715 0.0151838
threshold=-0.98854950023815025 -0.98524397937580932 -0.99394081102218468 -0.99216102925129224 -0.98040820006281126 0.28826266527175909 -0.20104157924652091 -0.69250681251287449 -0.78387310355901707 -0.97551024006679643 -0.95919504482299089 -0.91442017443478096 -0.93831331655383099 -0.86178290098905552 -0.99752525368239719 -0.99874428653856728 -0.99657253082841624 -0.99587486381642509 -0.99809952138457436 -0.99928693717811246 -0.97089833253994573
decision_type=2 2 2 2 2 2 2 2 2 2 2 2 2 2 2 2 2 2 2 2 2
left_child=2 -2 14 -4 -3 6 7 8 9 -6 20 12 -12 -13 15 19 -16 -18 -17 -1 -11
right_child=1 4 3 -5 5 -7 -8 -9 -10 10 11 13 -14 -15 16 18 17 -19 -20 -21 -22
leaf_value=-7.2447461311762843e-05 -0.00089799630607663612 0.00039509916393872283 0.0011505248802673837 0.00016057665503239646 -0.00060297231521275402 0.00020113053658801975 -0.0011133188781788455 0.00021617530542035899 -0.00079626686231494277 0.00012244252392997298 -7.8976345604503184e-05 0.00027489748625647472 -0.0010187395873340773 -0.0002571940459775664 -0.00028893668464836057 0.00065248672789732702 0.00052794474028206733 -5.6268441534548124e-05 0.00011084135930841597 0.00017373256946680659 0.00020134919561681685
leaf_weight=25.335461899638176 16.450437694787979 17.591186240315437 18.435583859682083 25.292891085147858 13.437382131814955 14.622162744402884 12.467329666018484 22.095814451575279 13.19031313061714 12.918531075119974 20.604001894593232 17.868576720356941 13.206253245472906 14.91131061315537 23.615549251437187 19.032140955328941 12.624862641096113 24.560963466763496 13.627153933048247 22.559512451291084 14.621461689472197
leaf_count=102 66 71 75 102 54 59 50 89 53 52 83 72 53 60 95 77 51 99 55 91 59
internal_value=-5.97322e-06 -0.000206233 0.000214737 0.000577931 -0.000145552 -0.000201516 -0.000239421 -0.000163153 -0.000232561 -0.000163438 -0.000100693 -0.000210302 -0.000446047 3.28533e-05 0.000102382 0.000198779 -2.53313e-05 0.000142076 0.000426484 4.35084e-05 0.000164335
internal_weight=389.069 203.985 185.084 43.7285 187.534 169.943 155.321 142.854 120.758 107.568 94.1301 66.5901 33.8103 32.7799 141.356 80.5543 60.8014 37.1858 32.6593 47.895 27.54
internal_count=1568 821 747 177 755 684 625 575 486 433 379 268 136 132 570 325 245 150 132 193 111
is_linear=0
shrinkage=0.00167704


Tree=73
num_leaves=23
num_cat=0
split_feature=1 1 1 1 1 1 1 1 1 1 1 1 1 1 1 1 1 1 1 1 1 1
split_gain=6.13652 3.02088 3.42651 1.88252 1.6559 0.999512 3.23624 1.4234 2.8259 1.2547 0.942865 0.78147 0.687227 1.49637 1.42125 0.667841 0.644844 0.45264 1.13086 0.28743 0.265953 0.140643
threshold=0.0052054444417174118 0.0030386524593678387 0.0040048307190119646 0.0073959544228075031 0.010314289246546296 0.21863117948303404 0.64436365811689189 0.017009627046576898 0.023332139519733182 0.043668336889941893 0.031152889875884483 0.38197877997841073 0.0012036711758002818 0.0016862131302390222 0.0005998771595860222 0.00089195184110821778 0.0022654156993902985 0.12296741798552104 0.068134138066707275 0.00022999237267126404 0.00038864426350783339 0.012979945099212952
decision_type=2 2 2 2 2 2 2 2 2 2 2 2 2 2 2 2 2 2 2 2 2 2
left_child=1 12 -3 -2 -5 7 11 21 -9 10 -10 -7 14 -14 19 -16 -15 18 -11 -1 -21 -6
right_child=3 2 -4 4 5 6 -8 8 9 17 -12 -13 13 16 15 -17 -18 -19 -20 20 -22 -23
leaf_value=0.00021079804892872234 -0.00067976749629889061 0.0011195353832403891 0.00012848727210744001 0.00029950116840212062 -0.00034197885269327731 -0.00049913709066429809 0.00020079698823229273 0.00064708310890263508 -0.00015153889693610639 0.0002234546562147598 -0.00076692063671636923 -0.0010763899481468283 -0.00035919967509739188 0.00038480654355351141 0.00070327074682144397 0.00022278235800753134 -5.49087249549782e-05 0.00022924892754348357 -0.00036670701242748647 -0.00022827442528419573 7.5870571055654631e-05 -0.00057531036595746289
leaf_weight=15.648149594664572 20.924959123134613 19.914444252848625 19.341289222240448 20.572632357478142 14.929791212081911 13.424918130040171 14.621889322996138 14.610969871282576 14.907951995730402 16.379321381449699 13.204902961850165 12.966260120272635 23.616379961371422 20.062158986926079 17.299563601613045 15.358582302927969 17.616293475031853 16.380864679813385 20.637784749269485 15.141867235302923 17.352285131812096 14.152613043785093
leaf_count=63 84 81 78 83 60 54 59 59 60 66 53 52 95 81 70 62 71 66 83 61 70 57
internal_value=-5.96324e-06 0.000219444 0.000631246 -0.000202761 -0.000149325 -0.000204875 -0.000432096 -0.000130445 -3.20887e-05 -0.000153832 -0.00044059 -0.000782747 0.000105678 -2.82281e-05 0.000207258 0.000477305 0.000179221 -2.85946e-06 -0.000105572 2.40667e-05 -6.58572e-05 -0.000455527
internal_weight=389.066 181.351 39.2557 207.715 186.79 166.217 41.0131 125.204 96.1218 81.5108 28.1129 26.3912 142.095 61.2948 80.8004 32.6581 37.6785 53.398 37.0171 48.1423 32.4942 29.0824
internal_count=1568 732 159 836 752 669 165 504 387 328 113 106 573 247 326 132 152 215 149 194 131 117
is_linear=0
shrinkage=0.00167704


Tree=74
num_leaves=22
num_cat=0
split_feature=0 0 0 0 0 0 0 0 0 0 0 0 0 0 0 0 0 0 0 0 0
split_gain=6.0748 3.02682 2.6694 3.69269 2.00568 0.916104 3.65603 1.33381 1.66876 1.05114 0.969101 1.35122 2.51082 0.812806 0.614563 1.00542 0.946844 1.00697 0.823581 0.256434 0.0147599
threshold=-0.98854950023815025 -0.98524397937580932 -0.99394081102218468 -0.99216102925129224 -0.98040820006281126 0.28826266527175909 -0.20104157924652091 -0.69250681251287449 -0.78387310355901707 -0.97551024006679643 -0.95919504482299089 -0.91442017443478096 -0.93831331655383099 -0.86178290098905552 -0.99752525368239719 -0.99874428653856728 -0.99657253082841624 -0.99587486381642509 -0.99809952138457436 -0.99928693717811246 -0.97089833253994573
decision_type=2 2 2 2 2 2 2 2 2 2 2 2 2 2 2 2 2 2 2 2 2
left_child=2 -2 14 -4 -3 6 7 8 9 -6 20 12 -12 -13 15 19 -16 -18 -17 -1 -11
right_child=1 4 3 -5 5 -7 -8 -9 -10 10 11 13 -14 -15 16 18 17 -19 -20 -21 -22
leaf_value=-7.239784988938755e-05 -0.00089527336799385829 0.00039402861339915969 0.0011471302331095953 0.00016014982935833919 -0.00060165590619996065 0.00020046395902324228 -0.0011095236616169852 0.00021622034042461502 -0.00079489801610519611 0.0001230404409873661 -7.9008854166842684e-05 0.00027418236317161646 -0.0010157019079028271 -0.00025613558437615982 -0.00028784619686108204 0.00065038079949415858 0.00052648562207955436 -5.6312889639847419e-05 0.00011028526695374637 0.00017344014448046594 0.00020083793545020725
leaf_weight=25.335521101951599 16.451849967241287 17.590086102485657 18.43024018406868 25.292220309376717 13.438055187463759 14.621615022420881 12.468709066510199 22.095766425132751 13.190985560417174 12.918900385499002 20.603918671607964 17.867915064096451 13.207569807767866 14.912018537521368 23.616683453321457 19.02947786450386 12.623734548687933 24.560894578695297 13.626723662018774 22.559148147702217 14.6209719479084
leaf_count=102 66 71 75 102 54 59 50 89 53 52 83 72 53 60 95 77 51 99 55 91 59
internal_value=-5.95326e-06 -0.000205558 0.00021405 0.00057619 -0.000145052 -0.000200849 -0.000238627 -0.000162613 -0.000231929 -0.000162894 -0.000100257 -0.000209686 -0.000444903 3.29338e-05 0.000102035 0.000198107 -2.52437e-05 0.00014154 0.000425011 4.33957e-05 0.000164343
internal_weight=389.063 203.988 185.075 43.7225 187.537 169.946 155.325 142.856 120.76 107.569 94.1313 66.5914 33.8115 32.7799 141.352 80.5509 60.8013 37.1846 32.6562 47.8947 27.5399
internal_count=1568 821 747 177 755 684 625 575 486 433 379 268 136 132 570 325 245 150 132 193 111
is_linear=0
shrinkage=0.00167704


Tree=75
num_leaves=23
num_cat=0
split_feature=1 1 1 1 1 1 1 1 1 1 1 1 1 1 1 1 1 1 1 1 1 1
split_gain=6.09593 3.0019 3.40651 1.86989 1.6459 0.996115 3.21839 1.41987 2.81244 1.24692 0.93536 0.772851 0.682944 1.48724 1.41279 0.663505 0.641223 0.45206 1.12293 0.287083 0.264577 0.141197
threshold=0.0052054444417174118 0.0030386524593678387 0.0040048307190119646 0.0073959544228075031 0.010314289246546296 0.21863117948303404 0.64436365811689189 0.017009627046576898 0.023332139519733182 0.043668336889941893 0.031152889875884483 0.38197877997841073 0.0012036711758002818 0.0016862131302390222 0.0005998771595860222 0.00089195184110821778 0.0022654156993902985 0.12296741798552104 0.068134138066707275 0.00022999237267126404 0.00038864426350783339 0.012979945099212952
decision_type=2 2 2 2 2 2 2 2 2 2 2 2 2 2 2 2 2 2 2 2 2 2
left_child=1 12 -3 -2 -5 7 11 21 -9 10 -10 -7 14 -14 19 -16 -15 18 -11 -1 -21 -6
right_child=3 2 -4 4 5 6 -8 8 9 17 -12 -13 13 16 15 -17 -18 -19 -20 20 -22 -23
leaf_value=0.00021056834993217106 -0.00067746777769869544 0.0011162323554501188 0.00012800652556657581 0.00029865571427948104 -0.00034080604603421971 -0.00049865226396904165 0.00020013159577620719 0.00064591394651886428 -0.00015107034179948759 0.00022262959263307411 -0.00076397907858511761 -0.0010726945322599986 -0.00035811185010722993 0.00038367865647066633 0.00070110266665595711 0.00022215529365138452 -5.4806895334852038e-05 0.00022935197394366571 -0.00036545765796658879 -0.00022791483510773593 7.5442814079168768e-05 -0.00057459159812385898
leaf_weight=15.64797595143318 20.926521554589272 19.908860743045807 19.340785369277 20.571601882576942 14.930460110306742 13.425198867917063 14.621341601014135 14.60993419587612 14.908263176679613 16.378624811768532 13.206182107329367 12.967647090554236 23.617504581809044 20.060803905129433 17.297049790620804 15.358019068837164 17.616367116570473 16.380836248397827 20.638837963342667 15.142127200961111 17.351875320076942 14.153099134564398
leaf_count=63 84 81 78 83 60 54 59 59 60 66 53 52 95 81 70 62 71 66 83 61 70 57
internal_value=-5.9433e-06 0.000218726 0.000629271 -0.000202083 -0.000148825 -0.000204206 -0.000431037 -0.000129903 -3.16675e-05 -0.000153114 -0.000438972 -0.000780698 0.000105323 -2.8164e-05 0.000206589 0.000475849 0.00017866 -2.60828e-06 -0.000105255 2.39485e-05 -6.59211e-05 -0.000454574
internal_weight=389.06 181.341 39.2496 207.719 186.792 166.22 41.0142 125.206 96.1227 81.5127 28.1144 26.3928 142.092 61.2947 80.797 32.6551 37.6772 53.3983 37.0175 48.142 32.494 29.0836
internal_count=1568 732 159 836 752 669 165 504 387 328 113 106 573 247 326 132 152 215 149 194 131 117
is_linear=0
shrinkage=0.00167704


Tree=76
num_leaves=22
num_cat=0
split_feature=0 0 0 0 0 0 0 0 0 0 0 0 0 0 0 0 0 0 0 0 0
split_gain=6.03546 3.00921 2.65348 3.66993 1.99391 0.910008 3.63141 1.33032 1.66449 1.04751 0.965964 1.34526 2.4946 0.807405 0.610389 0.998222 0.939723 1.00204 0.818812 0.255721 0.0143435
threshold=-0.98854950023815025 -0.98524397937580932 -0.99394081102218468 -0.99216102925129224 -0.98040820006281126 0.28826266527175909 -0.20104157924652091 -0.69250681251287449 -0.78387310355901707 -0.97551024006679643 -0.95919504482299089 -0.91442017443478096 -0.93831331655383099 -0.86178290098905552 -0.99752525368239719 -0.99874428653856728 -0.99657253082841624 -0.99587486381642509 -0.99809952138457436 -0.99928693717811246 -0.97089833253994573
decision_type=2 2 2 2 2 2 2 2 2 2 2 2 2 2 2 2 2 2 2 2 2
left_child=2 -2 14 -4 -3 6 7 8 9 -6 20 12 -12 -13 15 19 -16 -18 -17 -1 -11
right_child=1 4 3 -5 5 -7 -8 -9 -10 10 11 13 -14 -15 16 18 17 -19 -20 -21 -22
leaf_value=-7.2348195906874835e-05 -0.00089256057262513018 0.00039296099686080032 0.001143747299555968 0.00015972431974010744 -0.00060034303610368496 0.0001997997396856724 -0.00110574452338935 0.00021626459939672637 -0.00079353266256537366 0.00012363581230343483 -7.9041353075112229e-05 0.0002734693559413024 -0.0010126763619816984 -0.00025508115024367811 -0.00028675934823821169 0.00064828164103068004 0.00052503072083826625 -5.6356795094162242e-05 0.00010973126392406786 0.0001731485770515678 0.00020032820777826172
leaf_weight=25.335578709840775 16.453237652778625 17.588984861969948 18.424869149923325 25.291550025343895 13.438722074031828 14.62106817960739 12.470053613185881 22.095716819167137 13.191651627421377 12.919267356395723 20.603832975029938 17.867254078388214 13.208861067891119 14.912720248103147 23.617808908224106 19.026807397603989 12.622604563832281 24.560826390981674 13.626294210553167 22.558784037828445 14.620479881763456
leaf_count=102 66 71 75 102 54 59 50 89 53 52 83 72 53 60 95 77 51 99 55 91 59
internal_value=-5.93337e-06 -0.000204885 0.000213366 0.000574454 -0.000144554 -0.000200184 -0.000237835 -0.000162075 -0.000231299 -0.000162351 -9.9822e-05 -0.000209072 -0.000443764 3.30138e-05 0.000101688 0.000197436 -2.51564e-05 0.000141006 0.000423542 4.32835e-05 0.000164351
internal_weight=389.057 203.992 185.065 43.7164 187.539 169.95 155.329 142.859 120.763 107.571 94.1324 66.5927 33.8127 32.78 141.349 80.5475 60.8012 37.1834 32.6531 47.8944 27.5397
internal_count=1568 821 747 177 755 684 625 575 486 433 379 268 136 132 570 325 245 150 132 193 111
is_linear=0
shrinkage=0.00167704


Tree=77
num_leaves=23
num_cat=0
split_feature=1 1 1 1 1 1 1 1 1 1 1 1 1 1 1 1 1 1 1 1 1 1
split_gain=6.0556 2.98304 3.38663 1.85734 1.63596 0.992733 3.20065 1.41636 2.79905 1.23919 0.927913 0.764317 0.678688 1.47817 1.40438 0.659199 0.637623 0.45148 1.11504 0.286735 0.263208 0.141749
threshold=0.0052054444417174118 0.0030386524593678387 0.0040048307190119646 0.0073959544228075031 0.010314289246546296 0.21863117948303404 0.64436365811689189 0.017009627046576898 0.023332139519733182 0.043668336889941893 0.031152889875884483 0.38197877997841073 0.0012036711758002818 0.0016862131302390222 0.0005998771595860222 0.00089195184110821778 0.0022654156993902985 0.12296741798552104 0.068134138066707275 0.00022999237267126404 0.00038864426350783339 0.012979945099212952
decision_type=2 2 2 2 2 2 2 2 2 2 2 2 2 2 2 2 2 2 2 2 2 2
left_child=1 12 -3 -2 -5 7 11 21 -9 10 -10 -7 14 -14 19 -16 -15 18 -11 -1 -21 -6
right_child=3 2 -4 4 5 6 -8 8 9 17 -12 -13 13 16 15 -17 -18 -19 -20 20 -22 -23
leaf_value=0.00021033888802717083 -0.00067517628423825868 0.0011129406909466707 0.00012752727091998537 0.00029781258843383909 -0.00033963704797604957 -0.00049816830564112808 0.0001994683907800908 0.00064474715605585258 -0.00015060286798193918 0.00022180696974949878 -0.00076104866372446824 -0.0010690145624018103 -0.00035702773387659252 0.00038255419115855861 0.00069894168138804605 0.00022153024909288445 -5.4704974561084885e-05 0.00022945371273054173 -0.00036421254619498197 -0.0002275556884948661 7.5016321468539263e-05 -0.0005738743363692836
leaf_weight=15.647801399230955 20.928057163953781 19.903249382972717 19.340281516313553 20.570571050047874 14.931123062968256 13.425478219985964 14.620794758200644 14.608896523714064 14.908572793006899 16.37792806327343 13.207436487078665 12.96899965405464 23.618621408939362 20.059447452425957 17.294529318809509 15.357456564903258 17.616440236568451 16.380805134773254 20.639881238341331 15.142386585474013 17.351466864347458 14.153582915663717
leaf_count=63 84 81 78 83 60 54 59 59 60 66 53 52 95 81 70 62 71 66 83 61 70 57
internal_value=-5.92345e-06 0.000218012 0.000627302 -0.000201408 -0.000148328 -0.000203539 -0.000429982 -0.000129362 -3.12479e-05 -0.000152398 -0.000437359 -0.000778655 0.000104969 -2.81001e-05 0.000205923 0.000474397 0.000178101 -2.35827e-06 -0.000104938 2.38307e-05 -6.59846e-05 -0.000453625
internal_weight=389.054 181.332 39.2435 207.722 186.794 166.223 41.0153 125.208 96.1235 81.5146 28.116 26.3945 142.088 61.2945 80.7936 32.652 37.6759 53.3986 37.0178 48.1417 32.4939 29.0847
internal_count=1568 732 159 836 752 669 165 504 387 328 113 106 573 247 326 132 152 215 149 194 131 117
is_linear=0
shrinkage=0.00167704


Tree=78
num_leaves=22
num_cat=0
split_feature=0 0 0 0 0 0 0 0 0 0 0 0 0 0 0 0 0 0 0 0 0
split_gain=6.11562 3.09538 2.73172 3.75384 1.88874 1.08116 2.87677 2.20935 1.12501 1.14494 0.968524 1.38674 1.66332 0.736449 1.49458 0.716924 0.547685 0.33209 0.594469 0.0482785 0.0320247
threshold=-0.98854950023815025 -0.98524397937580932 -0.99394081102218468 -0.99216102925129224 -0.98040820006281126 0.28826266527175909 -0.47021172940731037 -0.72477956861257542 -0.82653750479221333 -0.97551024006679643 -0.95919504482299089 -0.91442017443478096 -0.93831331655383099 -0.99748608766822133 -0.99933364039316064 -0.99648187379352726 -0.99541320116259147 -0.99874428653856728 -0.99809952138457436 -0.97089833253994573 -0.87562826089560974
decision_type=2 2 2 2 2 2 2 2 2 2 2 2 2 2 2 2 2 2 2 2 2
left_child=2 -2 13 -4 -3 6 7 8 9 -6 19 12 -12 14 -1 -15 -17 -16 -19 -11 -13
right_child=1 4 3 -5 5 -7 -8 -9 -10 10 11 20 -14 15 17 16 -18 18 -20 -21 -22
leaf_value=-0.0001311739777008439 -0.00088985741925452625 0.00039189621821133548 0.001164241104562685 0.00016853421237573825 -0.00059903362807382169 0.00024693119018454919 -0.00077511107701866866 0.00047729218363385068 -0.0006156396253300967 0.00010939704643618431 -0.00012213635889694725 3.6988096511795747e-05 -0.00088271153130187706 -0.00025227818275746708 0.00021328501206910089 0.00033027983456591816 -9.1228531763454533e-05 0.00067319620049051572 0.00022703405344387894 0.0002481522936031796 0.00015401102801289107
leaf_weight=24.344420105218887 16.454600751399994 17.587883532047272 18.664915218949318 24.794874995946884 13.439383462071417 14.868327677249907 22.92460024356842 14.871624201536177 16.437205955386162 13.416281282901766 20.851527616381638 13.157787129282953 13.210128560662268 23.864814251661301 24.046530783176422 17.830583676695824 16.874736741185188 18.529960334300995 15.362363740801809 14.868228882551184 13.150381967425359
leaf_count=98 66 71 76 100 54 60 92 60 66 54 84 53 53 96 97 72 68 75 62 60 53
internal_value=6.87557e-06 -0.000192252 0.00022861 0.000596166 -0.000131448 -0.000185214 -0.000226315 -0.000132007 -0.000208454 -0.000142896 -7.37492e-05 -0.000193731 -0.00041711 0.000115202 0.000217511 -2.8529e-05 0.00012533 0.000364019 0.000470964 0.000182336 9.54831e-05
internal_weight=389.551 205.238 184.313 43.4598 188.783 171.195 156.327 133.403 118.531 102.094 88.6543 60.3698 34.0617 140.853 82.2833 58.5701 34.7053 57.9389 33.8923 28.2845 26.3082
internal_count=1570 826 744 176 760 689 629 537 477 411 357 243 137 568 332 236 140 234 137 114 106
is_linear=0
shrinkage=0.00167704


Tree=79
num_leaves=21
num_cat=0
split_feature=1 1 1 1 1 1 1 1 1 1 1 1 1 1 1 1 1 1 1 1
split_gain=6.15042 3.09229 3.41855 1.93627 1.53355 1.21492 3.96904 2.50153 1.67188 1.37417 2.1166 1.13668 0.859103 1.86994 1.07969 0.821052 0.576784 0.520306 1.33196 0.171607
threshold=0.0052054444417174118 0.0030386524593678387 0.0040048307190119646 0.0073959544228075031 0.010314289246546296 0.55511199992644056 0.25124300516278603 0.1431244951807307 0.083825536468839737 0.017009627046576898 0.023332139519733182 0.043668336889941893 0.00030614836655979419 0.0012299843633581072 0.0017715685011614349 0.0022654156993902985 0.031152889875884483 0.00080373213385385707 0.00050909257318146838 0.013272963937056225
decision_type=2 2 2 2 2 2 2 2 2 2 2 2 2 2 2 2 2 2 2 2
left_child=1 12 -3 -2 -5 6 7 8 9 19 -11 16 -1 17 -15 -16 -12 18 -14 -6
right_child=3 2 -4 4 5 -7 -8 -9 -10 10 11 -13 13 14 15 -17 -18 -19 -20 -21
leaf_value=-0.00016653417933153858 -0.00067289590381674309 0.0011320932846371598 0.00013834264820227054 0.00029697202934146031 -0.00053516496059642345 0.00022843757179284539 -0.00091463400330544728 0.00055921798029181569 -0.00067744229030061059 0.00057107677323595942 -0.00015007793458963087 0.0001163007266485432 0.00061924555253528785 -0.00029096350371063119 0.00043147693792128017 -9.3902732773105876e-05 -0.00063134635316840779 0.00060671327542441563 -1.6139554186016067e-05 -0.00027945954854156755
leaf_weight=24.592978626489639 20.929566264152527 20.142956882715225 18.843768373131752 20.569538846611977 16.423174738883976 17.610507726669312 20.928041875362396 13.380290374159811 17.929837837815285 14.855627596378325 14.90892367064953 24.81647564470768 17.102970719337463 25.597122728824615 16.593803361058235 16.872049599885941 13.208596378564833 20.549742162227631 20.283932849764824 13.407539650797842
leaf_count=99 84 82 76 83 66 71 84 54 72 60 60 100 69 103 67 68 53 83 82 54
internal_value=6.86416e-06 0.000233549 0.000651776 -0.000189025 -0.000135168 -0.000188246 -0.000237212 -0.000127253 -0.000206743 -0.00012029 1.17006e-05 -0.000145285 0.000118392 0.000178283 -3.17003e-05 0.000166603 -0.00037616 0.000392349 0.000274523 -0.000420237
internal_weight=389.547 180.579 38.9867 208.968 188.039 167.469 149.859 128.93 115.55 97.6203 67.7896 52.934 141.593 117 59.063 33.4659 28.1175 57.9366 37.3869 29.8307
internal_count=1570 729 158 841 757 674 603 519 465 393 273 213 571 472 238 135 113 234 151 120
is_linear=0
shrinkage=0.00167704


Tree=80
num_leaves=22
num_cat=0
split_feature=0 0 0 0 0 0 0 0 0 0 0 0 0 0 0 0 0 0 0 0 0
split_gain=6.07605 3.07734 2.71548 3.73083 1.8777 1.07413 2.85691 2.19543 1.11657 1.13937 0.965464 1.37971 1.6525 0.731494 1.4841 0.711789 0.544055 0.331357 0.594579 0.0474349 0.0319208
threshold=-0.98854950023815025 -0.98524397937580932 -0.99394081102218468 -0.99216102925129224 -0.98040820006281126 0.28826266527175909 -0.47021172940731037 -0.72477956861257542 -0.82653750479221333 -0.97551024006679643 -0.95919504482299089 -0.91442017443478096 -0.93831331655383099 -0.99748608766822133 -0.99933364039316064 -0.99648187379352726 -0.99541320116259147 -0.99874428653856728 -0.99809952138457436 -0.97089833253994573 -0.87562826089560974
decision_type=2 2 2 2 2 2 2 2 2 2 2 2 2 2 2 2 2 2 2 2 2
left_child=2 -2 13 -4 -3 6 7 8 9 -6 19 12 -12 14 -1 -15 -17 -16 -19 -11 -13
right_child=1 4 3 -5 5 -7 -8 -9 -10 10 11 20 -14 15 17 16 -18 18 -20 -21 -22
leaf_value=-0.00013067148236870161 -0.00088716454332729469 0.00039083450872071318 0.0011608212777793109 0.00016807966337355245 -0.00059748410675502866 0.00024614492811679371 -0.00077243878912264328 0.00047582232817815185 -0.0006134223009271702 0.00010989423201466345 -0.00012206778874322454 3.6802474663740358e-05 -0.00088014672730007352 -0.000251372758636377 0.00021221182919233317 0.00032915858253736938 -9.0955573056574794e-05 0.00067187604362989653 0.00022565363359234577 0.00024743246712983461 0.00015363634877572699
leaf_weight=24.344997018575668 16.455939263105392 17.586780041456223 18.659304186701775 24.794168800115585 13.440156564116476 14.867664277553557 22.926606148481369 14.870358064770697 16.438509330153465 13.416590675711634 20.851548269391053 13.15766389667988 13.211196899414061 23.865763604640961 24.045094296336174 17.82940761744976 16.874969437718391 18.52830083668232 15.361154451966284 14.867568701505652 13.150115683674825
leaf_count=98 66 71 76 100 54 60 92 60 66 54 84 53 53 96 97 72 68 75 62 60 53
internal_value=6.85272e-06 -0.000191625 0.000227878 0.000594372 -0.000130996 -0.000184603 -0.000225568 -0.000131584 -0.000207785 -0.000142472 -7.34919e-05 -0.000193282 -0.000416088 0.000114811 0.000216779 -2.84338e-05 0.000124878 0.000362783 0.000469616 0.000182191 9.52027e-05
internal_weight=389.544 205.241 184.303 43.4535 188.785 171.198 156.33 133.404 118.533 102.095 88.6547 60.3705 34.0627 140.85 82.2795 58.5701 34.7044 57.9345 33.8895 28.2842 26.3078
internal_count=1570 826 744 176 760 689 629 537 477 411 357 243 137 568 332 236 140 234 137 114 106
is_linear=0
shrinkage=0.00167704


Tree=81
num_leaves=21
num_cat=0
split_feature=1 1 1 1 1 1 1 1 1 1 1 1 1 1 1 1 1 1 1 1
split_gain=6.10979 3.07294 3.39863 1.92329 1.52433 1.20827 3.94499 2.48598 1.66199 1.37009 2.10677 1.12842 0.853752 1.85835 1.07335 0.816557 0.572091 0.518914 1.32977 0.169908
threshold=0.0052054444417174118 0.0030386524593678387 0.0040048307190119646 0.0073959544228075031 0.010314289246546296 0.55511199992644056 0.25124300516278603 0.1431244951807307 0.083825536468839737 0.017009627046576898 0.023332139519733182 0.043668336889941893 0.00030614836655979419 0.0012299843633581072 0.0017715685011614349 0.0022654156993902985 0.031152889875884483 0.00080373213385385707 0.00050909257318146838 0.013272963937056225
decision_type=2 2 2 2 2 2 2 2 2 2 2 2 2 2 2 2 2 2 2 2
left_child=1 12 -3 -2 -5 6 7 8 9 19 -11 16 -1 17 -15 -16 -12 18 -14 -6
right_child=3 2 -4 4 5 -7 -8 -9 -10 10 11 -13 13 14 15 -17 -18 -19 -20 -21
leaf_value=-0.00016603765410464389 -0.00067062362530106393 0.001128760668407796 0.00013783270619885528 0.00029613379665902463 -0.00053372099376370078 0.00022791529312355513 -0.00091179470753745707 0.00055753667825134037 -0.00067535671178050119 0.00057002003028416761 -0.00014955443616094778 0.00011594813646730601 0.00061789878796964296 -0.00029011861364362058 0.00043026381513808264 -9.368395748069555e-05 -0.00062884837685300247 0.00060520349789657869 -1.6985692355991214e-05 -0.00027928823581761542
leaf_weight=24.59355317056179 20.931049033999443 20.137094914913177 18.843243852257729 20.568505272269249 16.424073502421383 17.609922751784325 20.929980933666229 13.378984764218329 17.931170806288719 14.854666605591772 14.909272313117983 24.816023409366608 17.101655200123787 25.598068758845329 16.592612206935883 16.872218012809753 13.209644436836241 20.547829806804657 20.282848984003067 13.407650291919706
leaf_count=99 84 82 76 83 66 71 84 54 72 60 60 100 69 103 67 68 53 83 82 54
internal_value=6.84131e-06 0.000232786 0.000649742 -0.000188395 -0.000134717 -0.000187633 -0.000236463 -0.000126834 -0.000206072 -0.000119874 1.19224e-05 -0.000144692 0.000117995 0.000177702 -3.16261e-05 0.000166101 -0.000374716 0.000391115 0.000273444 -0.000419368
internal_weight=389.54 180.569 38.9803 208.971 188.04 167.471 149.861 128.931 115.553 97.6213 67.7896 52.9349 141.589 116.995 59.0629 33.4648 28.1189 57.9323 37.3845 29.8317
internal_count=1570 729 158 841 757 674 603 519 465 393 273 213 571 472 238 135 113 234 151 120
is_linear=0
shrinkage=0.00167704


Tree=82
num_leaves=22
num_cat=0
split_feature=0 0 0 0 0 0 0 0 0 0 0 0 0 0 0 0 0 0 0 0 0
split_gain=6.03674 3.05942 2.69934 3.70797 1.86672 1.06714 2.83718 2.1816 1.1082 1.13383 0.962418 1.37271 1.64176 0.726572 1.47369 0.706689 0.540447 0.330626 0.594688 0.0466016 0.0318175
threshold=-0.98854950023815025 -0.98524397937580932 -0.99394081102218468 -0.99216102925129224 -0.98040820006281126 0.28826266527175909 -0.47021172940731037 -0.72477956861257542 -0.82653750479221333 -0.97551024006679643 -0.95919504482299089 -0.91442017443478096 -0.93831331655383099 -0.99748608766822133 -0.99933364039316064 -0.99648187379352726 -0.99541320116259147 -0.99874428653856728 -0.99809952138457436 -0.97089833253994573 -0.87562826089560974
decision_type=2 2 2 2 2 2 2 2 2 2 2 2 2 2 2 2 2 2 2 2 2
left_child=2 -2 13 -4 -3 6 7 8 9 -6 19 12 -12 14 -1 -15 -17 -16 -19 -11 -13
right_child=1 4 3 -5 5 -7 -8 -9 -10 10 11 20 -14 15 17 16 -18 18 -20 -21 -22
leaf_value=-0.00013017092831397366 -0.00088448122750449257 0.00038977564262581262 0.00115741332400186 0.00016762639726162804 -0.00059593910592349282 0.00024536093437708159 -0.00076977660841344539 0.0004743570050535045 -0.00061121310329719902 0.00011038922644716511 -0.00012199923585513915 3.6617242788457218e-05 -0.00087759172477982778 -0.00025047032419849821 0.00021114244102519888 0.00032804090430822166 -9.0683400093083446e-05 0.00067055984250402221 0.00022427796881460414 0.00024671467890140659 0.00015326268694159143
leaf_weight=24.345570087432861 16.45725417137146 17.58567650616169 18.653664603829384 24.793461933732033 13.440921887755392 14.867001771926878 22.928576976060867 14.869088888168333 16.43979500234127 13.416898280382158 20.851567223668091 13.157539874315264 13.212246820330618 23.866706520318985 24.043657287955284 17.828230708837509 16.875201165676117 18.526639625430107 15.359944239258764 14.866907849907866 13.149849832057965
leaf_count=98 66 71 76 100 54 60 92 60 66 54 84 53 53 96 97 72 68 75 62 60 53
internal_value=6.82992e-06 -0.000191 0.000227148 0.000592583 -0.000130546 -0.000183993 -0.000224824 -0.000131162 -0.000207118 -0.000142049 -7.32355e-05 -0.000192835 -0.000415069 0.000114422 0.00021605 -2.83389e-05 0.000124428 0.000361551 0.000468271 0.000182046 9.49229e-05
internal_weight=389.536 205.243 184.293 43.4471 188.786 171.2 156.333 133.405 118.536 102.096 88.655 60.3712 34.0638 140.846 82.2758 58.5701 34.7034 57.9302 33.8866 28.2838 26.3074
internal_count=1570 826 744 176 760 689 629 537 477 411 357 243 137 568 332 236 140 234 137 114 106
is_linear=0
shrinkage=0.00167704


Tree=83
num_leaves=21
num_cat=0
split_feature=1 1 1 1 1 1 1 1 1 1 1 1 1 1 1 1 1 1 1 1
split_gain=6.06944 3.0537 3.37883 1.91041 1.51516 1.20165 3.9211 2.47053 1.65216 1.36602 2.09697 1.12021 0.848435 1.84684 1.06705 0.812088 0.567436 0.517527 1.32759 0.168224
threshold=0.0052054444417174118 0.0030386524593678387 0.0040048307190119646 0.0073959544228075031 0.010314289246546296 0.55511199992644056 0.25124300516278603 0.1431244951807307 0.083825536468839737 0.017009627046576898 0.023332139519733182 0.043668336889941893 0.00030614836655979419 0.0012299843633581072 0.0017715685011614349 0.0022654156993902985 0.031152889875884483 0.00080373213385385707 0.00050909257318146838 0.013272963937056225
decision_type=2 2 2 2 2 2 2 2 2 2 2 2 2 2 2 2 2 2 2 2
left_child=1 12 -3 -2 -5 6 7 8 9 19 -11 16 -1 17 -15 -16 -12 18 -14 -6
right_child=3 2 -4 4 5 -7 -8 -9 -10 10 11 -13 13 14 15 -17 -18 -19 -20 -21
leaf_value=-0.000165542867329231 -0.00066835954745060133 0.0011254395750891935 0.00013732423522393021 0.00029529805095216381 -0.00053228173129342784 0.00022739437064220753 -0.00090896608754296049 0.00055586053762832959 -0.00067327865150775196 0.00056896573229568497 -0.00014903200518642868 0.00011559665060873111 0.00061655598549306028 -0.00028927644584503102 0.00042905451763462364 -9.3465813419258179e-05 -0.00062635963762794041 0.00060369848303762331 -1.7828393884699219e-05 -0.00027911692125752409
leaf_weight=24.594125285744667 20.932506993412971 20.131203502416611 18.842721045017242 20.567470327019691 16.424963057041172 17.609336227178574 20.931883603334427 13.377676874399183 17.932486161589622 14.853704273700712 14.909619569778444 24.815572172403336 17.100337937474251 25.599007993936539 16.591420158743858 16.872385025024414 13.210673600435255 20.545914024114609 20.281765922904015 13.40776079893112
leaf_count=99 84 82 76 83 66 71 84 54 72 60 60 100 69 103 67 68 53 83 82 54
internal_value=6.81855e-06 0.000232026 0.000647716 -0.000187767 -0.000134268 -0.000187023 -0.000235718 -0.000126417 -0.000205404 -0.000119459 1.21435e-05 -0.0001441 0.0001176 0.000177122 -3.15521e-05 0.000165601 -0.000373276 0.000389885 0.000272369 -0.000418502
internal_weight=389.533 180.559 38.9739 208.974 188.041 167.474 149.864 128.932 115.555 97.6223 67.7896 52.9359 141.585 116.991 59.0628 33.4638 28.1203 57.928 37.3821 29.8327
internal_count=1570 729 158 841 757 674 603 519 465 393 273 213 571 472 238 135 113 234 151 120
is_linear=0
shrinkage=0.00167704


Tree=84
num_leaves=22
num_cat=0
split_feature=0 0 0 0 0 0 0 0 0 0 0 0 0 0 0 0 0 0 0 0 0
split_gain=6.5843 3.62218 3.62491 2.55798 1.60339 0.881261 3.07056 3.2412 1.08573 1.10104 1.29978 1.75328 1.68851 0.571777 1.06125 0.731172 0.625395 0.960524 0.441322 0.373365 0.101968
threshold=-0.98854950023815025 -0.99394081102218468 -0.99234026088379312 -0.98524397937580932 -0.98040820006281126 0.28826266527175909 -0.47021172940731037 -0.72477956861257542 -0.85231266543269146 -0.97551024006679643 -0.95919504482299089 -0.91442017443478096 -0.93831331655383099 -0.99933364039316064 -0.99809952138457436 -0.99874428653856728 -0.99623834615340445 -0.99729440227383737 -0.99541320116259147 -0.99077988322824229 -0.97089833253994573
decision_type=2 2 2 2 2 2 2 2 2 2 2 2 2 2 2 2 2 2 2 2 2
left_child=1 13 -3 -2 -5 6 7 8 9 -6 20 12 -12 -1 15 -15 17 -16 -18 -4 -11
right_child=3 2 19 4 5 -7 -8 -9 -10 10 11 -13 -14 14 16 -17 18 -19 -20 -21 -22
leaf_value=-0.00012967186395151966 -0.000841049665943315 0.001242703866439325 5.6230537112399095e-05 0.00033172297515338518 -0.00059439837323643936 0.00019677896142293865 -0.00079691810646783051 0.0006166840870687379 -0.00056146369039130099 0.00011088210008867456 -0.00015695854432836836 0.00015682615093810554 -0.000924369330433293 0.0001702184955303949 0.00014894577283243132 0.00061090646997473072 0.00045245032057345528 -0.00034566331009068676 4.3998592960065937e-05 0.00045619870424747126 0.00031334556524960301
leaf_weight=24.346141159534454 16.209173575043678 17.664529725909233 12.870272979140283 17.83220449090004 13.441679343581198 14.618566945195196 23.17984427511692 14.372090712189673 22.152017399668694 13.417203739285471 20.107625558972352 20.595639318227782 13.46260119974613 24.290080636739731 22.318530708551407 18.772010251879692 12.876950711011888 21.856760650873184 17.619973987340927 13.396377146244047 14.618823379278174
leaf_count=98 65 72 52 72 54 59 93 58 89 54 81 83 54 98 90 76 52 88 71 54 59
internal_value=6.21398e-06 0.00023441 0.000655272 -0.000201853 -0.000146683 -0.000196875 -0.000233919 -0.000135179 -0.000226913 -0.000149428 -7.66658e-05 -0.000228383 -0.000464712 0.00010428 0.000152659 0.000362327 3.17468e-05 -9.57737e-05 0.000216462 0.00026022 0.000216453
internal_weight=390.019 186.012 43.9312 204.007 187.798 169.966 155.348 132.168 117.796 95.6436 82.2019 54.1659 33.5702 142.08 117.734 43.0621 74.6722 44.1753 30.4969 26.2667 28.036
internal_count=1572 751 178 821 756 684 625 532 474 385 331 218 135 573 475 174 301 178 123 106 113
is_linear=0
shrinkage=0.00167704


Tree=85
num_leaves=21
num_cat=0
split_feature=1 1 1 1 1 1 1 1 1 1 1 1 1 1 1 1 1 1 1 1
split_gain=6.61505 4.07996 3.09187 1.53378 1.35856 3.67724 3.17107 1.97222 0.926727 1.15457 3.0745 1.44525 0.784663 1.23211 1.55142 0.525532 1.34383 0.308029 0.216868 0.166477
threshold=0.0052054444417174118 0.0030386524593678387 0.0040048307190119646 0.0073959544228075031 0.25124300516278603 0.55511199992644056 0.1431244951807307 0.083825536468839737 0.010314289246546296 0.017009627046576898 0.023332139519733182 0.061224779660074745 0.00030614836655979419 0.0012299843633581072 0.0016862131302390222 0.00080373213385385707 0.00048159465905797861 0.0022654156993902985 0.031152889875884483 0.013272963937056225
decision_type=2 2 2 2 2 2 2 2 2 2 2 2 2 2 2 2 2 2 2 2
left_child=1 12 -3 -2 6 -6 7 8 -5 19 -11 18 -1 15 -15 16 -14 -16 -12 -10
right_child=3 2 -4 4 5 -7 -8 -9 9 10 11 -13 13 14 17 -17 -18 -19 -20 -21
leaf_value=-0.00016504899285845883 -0.00063172257737833246 0.0011655146122847887 0.00022566579902973994 0.00024682443300045356 -0.00090610759151540877 0.00013375472054452748 0.00071755327115109269 -0.00067124210848919924 -0.00053084693921152146 0.00067451913346919332 -0.00020367452263654983 0.00027559528912078895 0.00059630937619378776 -0.00035769467942911327 0.00034590300422597655 0.00055091353388408331 -4.5451169516293861e-05 4.1089010788157056e-05 -0.00046033109672540841 -0.00027900305104637302
leaf_weight=24.594694793224335 20.684447094798088 20.615669846534729 18.842031732201576 20.814152911305428 20.933776885271072 17.61039599776268 12.880484566092489 17.933766156435013 16.425843670964245 14.109785214066504 14.661542192101477 13.146421939134596 15.611941382288931 22.13333934545517 19.808046951889992 20.791807547211647 22.262810841202736 17.616898879408836 25.129506304860115 13.407833218574522
leaf_count=99 83 84 76 84 84 71 52 72 66 57 59 53 63 89 80 84 90 71 101 54
internal_value=6.20364e-06 0.000239368 0.000716713 -0.000198383 -0.000150464 -0.000431006 -7.76525e-05 -0.000153172 -7.42313e-05 -0.000143208 -2.10846e-05 -0.000206489 0.000107488 0.000164185 -5.7331e-06 0.000336685 0.000219082 0.000202419 -0.000365763 -0.000417663
internal_weight=390.015 182.277 39.4577 207.738 187.054 38.5442 148.509 135.629 117.695 96.8809 67.0473 52.9375 142.82 118.225 59.5583 58.6666 37.8748 37.4249 39.791 29.8337
internal_count=1572 736 160 836 753 155 598 546 474 390 270 213 576 477 240 237 153 151 160 120
is_linear=0
shrinkage=0.00167704


Tree=86
num_leaves=22
num_cat=0
split_feature=0 0 0 0 0 0 0 0 0 0 0 0 0 0 0 0 0 0 0 0 0
split_gain=6.54158 3.60031 3.60396 2.54323 1.59397 0.875863 3.04982 3.22063 1.07925 1.09589 1.29464 1.74762 1.67886 0.567647 1.05625 0.730219 0.622579 0.954379 0.438841 0.373715 0.100565
threshold=-0.98854950023815025 -0.99394081102218468 -0.99234026088379312 -0.98524397937580932 -0.98040820006281126 0.28826266527175909 -0.47021172940731037 -0.72477956861257542 -0.85231266543269146 -0.97551024006679643 -0.95919504482299089 -0.91442017443478096 -0.93831331655383099 -0.99933364039316064 -0.99809952138457436 -0.99874428653856728 -0.99623834615340445 -0.99729440227383737 -0.99541320116259147 -0.99077988322824229 -0.97089833253994573
decision_type=2 2 2 2 2 2 2 2 2 2 2 2 2 2 2 2 2 2 2 2 2
left_child=1 13 -3 -2 -5 6 7 8 9 -6 20 12 -12 -1 15 -15 17 -16 -18 -4 -11
right_child=3 2 19 4 5 -7 -8 -9 -10 10 11 -13 -14 14 16 -17 18 -19 -20 -21 -22
leaf_value=-0.00012917461001271902 -0.00083851822982877039 0.0012391471739066171 5.5308730228529635e-05 0.00033083185426183983 -0.00059283933754560991 0.00019623078152262923 -0.00079421991015609077 0.00061477818018563872 -0.00055971724221465181 0.00011137273784659955 -0.00015680669499988241 0.00015684498336032143 -0.00092200504981916403 0.00016932810112879878 0.00014821976246524597 0.00060974374909905681 0.00045114654235886402 -0.00034480535066136941 4.3834769736445794e-05 0.00045547446593138428 0.00031243965106069621
leaf_weight=24.346709325909615 16.210361048579216 17.658796146512032 12.869494318962099 17.831258296966553 13.442441135644911 14.618109777569769 23.181803360581398 14.370465859770773 22.153404295444489 13.417507052421572 20.107713639736168 20.59562993049623 13.463564112782477 24.288863196969032 22.317572072148323 18.770516142249107 12.875950098037722 21.857547923922539 17.619825333356857 13.395817413926123 14.618002012372008
leaf_count=98 65 72 52 72 54 59 93 58 89 54 81 83 54 98 90 76 52 88 71 54 59
internal_value=6.19332e-06 0.000233658 0.000653288 -0.000201192 -0.00014618 -0.000196223 -0.000233152 -0.000134743 -0.000226179 -0.000148924 -7.6331e-05 -0.000227744 -0.000463685 0.000103927 0.000152132 0.000361315 3.15063e-05 -9.57257e-05 0.00021581 0.000259401 0.000216211
internal_weight=390.011 186.001 43.9241 204.01 187.8 169.969 155.351 132.169 117.798 95.6449 82.2024 54.1669 33.5713 142.077 117.73 43.0594 74.6709 44.1751 30.4958 26.2653 28.0355
internal_count=1572 751 178 821 756 684 625 532 474 385 331 218 135 573 475 174 301 178 123 106 113
is_linear=0
shrinkage=0.00167704


Tree=87
num_leaves=21
num_cat=0
split_feature=1 1 1 1 1 1 1 1 1 1 1 1 1 1 1 1 1 1 1 1
split_gain=6.57189 4.05501 3.07479 1.52406 1.34998 3.65534 3.15139 1.96084 0.921101 1.15178 3.05999 1.43882 0.77978 1.22461 1.54301 0.524221 1.34136 0.306708 0.215575 0.164746
threshold=0.0052054444417174118 0.0030386524593678387 0.0040048307190119646 0.0073959544228075031 0.25124300516278603 0.55511199992644056 0.1431244951807307 0.083825536468839737 0.010314289246546296 0.017009627046576898 0.023332139519733182 0.061224779660074745 0.00030614836655979419 0.0012299843633581072 0.0016862131302390222 0.00080373213385385707 0.00048159465905797861 0.0022654156993902985 0.031152889875884483 0.013272963937056225
decision_type=2 2 2 2 2 2 2 2 2 2 2 2 2 2 2 2 2 2 2 2
left_child=1 12 -3 -2 6 -6 7 8 -5 19 -11 18 -1 15 -15 16 -14 -16 -12 -10
right_child=3 2 -4 4 5 -7 -8 -9 9 10 11 -13 13 14 17 -17 -18 -19 -20 -21
leaf_value=-0.00016455685129761858 -0.00062968087597387338 0.0011621873163540949 0.0002248603602831596 0.00024614331076464648 -0.00090325998654714596 0.0001334862787648651 0.00071541063047838422 -0.00066921249255938128 -0.00052941689644139833 0.0006732622481097774 -0.0002029984952531808 0.0002753281841590324 0.0005950681564216323 -0.00035674374721578352 0.00034502695468821689 0.00054960231756084725 -4.6119874377664914e-05 4.0862779058628484e-05 -0.00045888440581912441 -0.00027888898264111613
leaf_weight=24.595261409878731 20.68568941950798 20.60947872698307 18.841191127896309 20.813288033008575 20.935634449124336 17.610040917992592 12.878836095333098 17.935028940439224 16.42671395838261 14.108678326010702 14.661983504891394 13.146218076348303 15.610820546746252 22.134225443005562 19.807018652558327 20.790106296539307 22.261862933635712 17.616670578718185 25.130724236369133 13.407905727624891
leaf_count=99 83 84 76 84 84 71 52 72 66 57 59 53 63 89 80 84 90 71 101 54
internal_value=6.18299e-06 0.000238596 0.000714531 -0.00019773 -0.000149963 -0.00042961 -7.73798e-05 -0.000152659 -7.39445e-05 -0.000142709 -2.07329e-05 -0.000205689 0.000107126 0.000163649 -5.74945e-06 0.000335631 0.000218173 0.000201846 -0.000364601 -0.000416828
internal_weight=390.007 182.267 39.4507 207.741 187.055 38.5457 148.509 135.631 117.696 96.8822 67.0476 52.9389 142.816 118.221 59.5579 58.6628 37.8727 37.4237 39.7927 29.8346
internal_count=1572 736 160 836 753 155 598 546 474 390 270 213 576 477 240 237 153 151 160 120
is_linear=0
shrinkage=0.00167704


Tree=88
num_leaves=22
num_cat=0
split_feature=0 0 0 0 0 0 0 0 0 0 0 0 0 0 0 0 0 0 0 0 0
split_gain=6.49913 3.57856 3.58315 2.52857 1.5846 0.870497 3.02924 3.20019 1.07281 1.09077 1.28952 1.74198 1.66927 0.563545 1.05128 0.729268 0.619777 0.948272 0.436374 0.37406 0.0991755
threshold=-0.98854950023815025 -0.99394081102218468 -0.99234026088379312 -0.98524397937580932 -0.98040820006281126 0.28826266527175909 -0.47021172940731037 -0.72477956861257542 -0.85231266543269146 -0.97551024006679643 -0.95919504482299089 -0.91442017443478096 -0.93831331655383099 -0.99933364039316064 -0.99809952138457436 -0.99874428653856728 -0.99623834615340445 -0.99729440227383737 -0.99541320116259147 -0.99077988322824229 -0.97089833253994573
decision_type=2 2 2 2 2 2 2 2 2 2 2 2 2 2 2 2 2 2 2 2 2
left_child=1 13 -3 -2 -5 6 7 8 9 -6 20 12 -12 -1 15 -15 17 -16 -18 -4 -11
right_child=3 2 19 4 5 -7 -8 -9 -10 10 11 -13 -14 14 16 -17 18 -19 -20 -21 -22
leaf_value=-0.00012867902881365814 -0.00083599574824016847 0.0012356028740840876 5.4390933214056256e-05 0.00032994330617349234 -0.00059128477910403473 0.00019568392512591475 -0.00079153177685073505 0.00061287826546147417 -0.0005579766374300243 0.00011186137849838469 -0.00015665516993766974 0.00015686254798208637 -0.0009196482313677969 0.00016844078683402096 0.00014749618146413538 0.00060858419322943355 0.00044984636809991096 -0.00034394974054642759 4.3671533758539994e-05 0.00045475155640289922 0.00031153639083789911
leaf_weight=24.34727455675602 16.211528182029724 17.653031453490257 12.868715494871141 17.830312013626099 13.443195596337317 14.617654368281363 23.183726370334625 14.368835166096686 22.154773876070976 13.417808666825296 20.107800468802445 20.595617815852179 13.464511960744856 24.287645414471626 22.316612556576729 18.769021615386009 12.87494830787182 21.858329758048058 17.619676679372787 13.395256653428076 14.617178887128821
leaf_count=98 65 72 52 72 54 59 93 58 89 54 81 83 54 98 90 76 52 88 71 54 59
internal_value=6.17273e-06 0.000232909 0.00065131 -0.000200534 -0.000145679 -0.000195573 -0.000232387 -0.000134308 -0.000225447 -0.000148422 -7.59974e-05 -0.000227107 -0.000462661 0.000103575 0.000151608 0.000360306 3.12668e-05 -9.56776e-05 0.00021516 0.000258584 0.00021597
internal_weight=390.003 185.991 43.917 204.013 187.801 169.971 155.353 132.17 117.801 95.6461 82.2029 54.1679 33.5723 142.074 117.726 43.0567 74.6696 44.1749 30.4946 26.264 28.035
internal_count=1572 751 178 821 756 684 625 532 474 385 331 218 135 573 475 174 301 178 123 106 113
is_linear=0
shrinkage=0.00167704


Tree=89
num_leaves=21
num_cat=0
split_feature=1 1 1 1 1 1 1 1 1 1 1 1 1 1 1 1 1 1 1 1
split_gain=6.52903 4.03023 3.05781 1.51441 1.34145 3.63358 3.13184 1.94953 0.915509 1.149 3.04555 1.43241 0.774928 1.21716 1.53465 0.522914 1.33888 0.305392 0.214292 0.163031
threshold=0.0052054444417174118 0.0030386524593678387 0.0040048307190119646 0.0073959544228075031 0.25124300516278603 0.55511199992644056 0.1431244951807307 0.083825536468839737 0.010314289246546296 0.017009627046576898 0.023332139519733182 0.061224779660074745 0.00030614836655979419 0.0012299843633581072 0.0016862131302390222 0.00080373213385385707 0.00048159465905797861 0.0022654156993902985 0.031152889875884483 0.013272963937056225
decision_type=2 2 2 2 2 2 2 2 2 2 2 2 2 2 2 2 2 2 2 2
left_child=1 12 -3 -2 6 -6 7 8 -5 19 -11 18 -1 15 -15 16 -14 -16 -12 -10
right_child=3 2 -4 4 5 -7 -8 -9 9 10 11 -13 13 14 17 -17 -18 -19 -20 -21
leaf_value=-0.00016406634314813627 -0.00062764643144543443 0.0011588715743296935 0.0002240576344140739 0.00024546420002698465 -0.00090042300943918849 0.0001332182102705601 0.00071327485865248274 -0.00066718960158242385 -0.00052799162530433122 0.00067200833008280265 -0.00020232398277924307 0.00027506047957679997 0.00059383044336984154 -0.00035579519917802418 0.00034415327437838864 0.0005482946683870606 -4.6785610325244357e-05 4.0637488562091862e-05 -0.00045744239970377601 -0.00027877478781110143
leaf_weight=24.595824167132378 20.68691086769104 20.603257969021797 18.840349912643433 20.812422707676888 20.937457457184792 17.609684586524963 12.877181872725485 17.936275631189346 16.427575483918194 14.107569411396979 14.662421733140944 13.146012857556341 15.609697952866552 22.135105192661285 19.805989056825638 20.788402587175369 22.260916858911514 17.61644372344017 25.131924882531166 13.407978460192679
leaf_count=99 83 84 76 84 84 71 52 72 66 57 59 53 63 89 80 84 90 71 101 54
internal_value=6.16245e-06 0.000237827 0.000712355 -0.00019708 -0.000149462 -0.000428219 -7.7108e-05 -0.000152149 -7.36588e-05 -0.000142213 -2.03827e-05 -0.000204891 0.000106766 0.000163114 -5.76552e-06 0.000334581 0.000217267 0.000201275 -0.000363443 -0.000415995
internal_weight=389.999 182.256 39.4436 207.743 187.057 38.5471 148.509 135.632 117.696 96.8835 67.0479 52.9404 142.812 118.217 59.5575 58.659 37.8706 37.4224 39.7943 29.8356
internal_count=1572 736 160 836 753 155 598 546 474 390 270 213 576 477 240 237 153 151 160 120
is_linear=0
shrinkage=0.00167704


Tree=90
num_leaves=22
num_cat=0
split_feature=0 0 0 0 0 0 0 0 0 0 0 0 0 0 0 0 0 0 0 0 0
split_gain=6.64315 2.71674 2.60301 3.72503 1.42418 1.19091 2.44019 2.03361 0.936154 1.88068 1.70717 1.87405 0.947986 0.739641 0.635563 1.06852 0.894248 0.497119 0.352974 0.78169 0.116484
threshold=-0.98854950023815025 -0.98524397937580932 -0.99394081102218468 -0.99216102925129224 -0.98040820006281126 0.28826266527175909 -0.47021172940731037 -0.72477956861257542 -0.97551024006679643 -0.93831331655383099 -0.91442017443478096 -0.86178290098905552 -0.96421398036181916 -0.95224487781524647 -0.99748608766822133 -0.99933364039316064 -0.99623834615340445 -0.99541320116259147 -0.99809952138457436 -0.99874428653856728 -0.99706363683799271
decision_type=2 2 2 2 2 2 2 2 2 2 2 2 2 2 2 2 2 2 2 2 2
left_child=2 -2 14 -4 -3 6 7 8 -6 12 -11 -12 -10 -14 15 -1 20 -18 19 -17 -16
right_child=1 4 3 -5 5 -7 -8 -9 9 10 11 -13 13 -15 16 18 17 -19 -20 -21 -22
leaf_value=-9.2035175266249331e-05 -0.00087423149817999644 0.00029068009325293367 0.0011437102776591633 0.00014469866624266132 -0.00066065247419777378 0.00024294295655664705 -0.0007590168898123237 0.00042348382784787174 -0.00020235160558664079 -0.00091729869067011993 0.00019152932581257634 -0.00052481699784288839 0.00054464352182355608 -1.2702228731011997e-05 -0.00012308637669319585 0.00020733507460536741 0.00041950177500245763 -8.0835856460403846e-06 0.00011022736529636633 0.00066576899308397829 -0.00033559347963270435
leaf_weight=24.099317207932472 16.462099760770798 17.581774815917015 18.630485221743584 24.045695140957832 13.19481937587261 14.86494719982147 22.936256498098373 14.615316316485403 22.346797361969948 13.465445458888999 17.369488045573227 25.13387766480448 13.36860139667988 13.418204560875884 13.92686875164509 24.038489609956738 13.369016960263254 17.867658331990242 15.355648875236509 18.520531758666042 15.141952723264692
leaf_count=97 66 71 76 97 53 60 92 59 90 54 70 101 54 54 56 97 54 72 62 75 61
internal_value=-1.28006e-05 -0.000220912 0.000217543 0.000580822 -0.000163795 -0.000210601 -0.00025386 -0.000166687 -0.000239601 -0.000186742 -0.000396931 -0.000232074 5.26884e-05 0.000265455 0.000108609 0.00020471 -2.20852e-05 0.000174919 0.00032819 0.000406833 -0.000233781
internal_weight=389.753 204.758 184.996 42.6762 188.296 170.714 155.849 132.913 118.297 105.102 55.9688 42.5034 49.1336 26.7868 142.319 82.014 60.3055 31.2367 57.9147 42.559 29.0688
internal_count=1571 824 747 173 758 687 627 535 476 423 225 171 198 108 574 331 243 126 234 172 117
is_linear=0
shrinkage=0.00167704


Tree=91
num_leaves=22
num_cat=0
split_feature=1 1 1 1 1 1 1 1 1 1 1 1 1 1 1 1 1 1 1 1 1
split_gain=6.65143 2.94325 3.42625 1.77605 2.31137 1.35644 3.45311 2.29087 1.37366 1.23427 0.888782 1.77418 1.42766 0.706621 1.43238 1.37104 0.423016 0.867779 0.394325 0.385408 0.0381654
threshold=0.0052054444417174118 0.0030386524593678387 0.0040048307190119646 0.0081430297764901322 0.010314289246546296 0.55511199992644056 0.25124300516278603 0.1431244951807307 0.083825536468839737 0.013272963937056225 0.023332139519733182 0.017009627046576898 0.061224779660074745 0.0012299843633581072 0.00030614836655979419 0.0016862131302390222 0.00048159465905797861 0.00080373213385385707 0.031152889875884483 0.0022654156993902985 0.0064890467899940017
decision_type=2 2 2 2 2 2 2 2 2 2 2 2 2 2 2 2 2 2 2 2 2
left_child=1 13 -3 20 -5 6 7 8 9 -6 11 -11 18 14 -1 -15 -16 -18 -12 -17 -2
right_child=3 2 -4 4 5 -7 -8 -9 -10 10 12 -13 -14 15 16 19 17 -19 -20 -21 -22
leaf_value=-0.0001282211746090714 -0.0005587158137409443 0.0011121702025806675 0.00010631252043048944 0.00047576235729640141 -0.00058315429419770017 0.00022600660852627955 -0.00089763471060586334 0.00050072586901610066 -0.00066521176968067474 -0.00027795679132243699 -0.00014671296432986383 0.0005635787807277327 0.00027507225827717776 -0.00035237233696749627 0.0005925317630653393 0.00032668866310573596 3.6176850722824956e-05 0.00051676157872982407 -0.00049159297215572463 -1.1057835871797502e-05 -0.00068569444954761781
leaf_weight=24.347793146967888 13.457304060459139 20.107125252485275 18.095967680215836 14.869631946086882 16.179494097828865 17.607634872198105 20.939226508140564 13.123867467045782 17.937484860420227 13.408510074019434 14.911151424050329 14.848755195736883 13.145996302366255 22.633403524756432 15.608515247702597 20.299992129206657 21.764944404363632 20.539092719554901 24.884669035673141 17.864428371191025 13.174786508083342
leaf_count=98 54 82 73 60 65 71 84 53 72 54 60 60 53 91 63 82 88 83 100 72 53
internal_value=-1.27792e-05 0.000222182 0.000635717 -0.000217056 -0.000157823 -0.000214241 -0.000266134 -0.000163182 -0.00023874 -0.000160183 -7.59027e-05 0.000164257 -0.000204086 0.00011175 0.000213078 -2.53488e-05 0.000356568 0.000269506 -0.000362369 0.000168593 -0.000621532
internal_weight=389.75 181.261 38.2031 208.489 181.856 166.987 149.379 128.44 115.316 97.3786 81.1991 28.2573 52.9418 143.058 82.2603 60.7978 57.9126 42.304 39.7958 38.1644 26.6321
internal_count=1571 732 155 839 732 672 601 517 464 392 327 114 213 577 332 245 234 171 160 154 107
is_linear=0
shrinkage=0.00167704


Tree=92
num_leaves=22
num_cat=0
split_feature=0 0 0 0 0 0 0 0 0 0 0 0 0 0 0 0 0 0 0 0 0
split_gain=6.59985 2.70179 2.58738 3.70234 1.41703 1.18316 2.42325 2.02084 0.932407 1.86961 1.70004 1.86674 0.941615 0.734303 0.631263 1.06094 0.888741 0.494244 0.352707 0.780502 0.116573
threshold=-0.98854950023815025 -0.98524397937580932 -0.99394081102218468 -0.99216102925129224 -0.98040820006281126 0.28826266527175909 -0.47021172940731037 -0.72477956861257542 -0.97551024006679643 -0.93831331655383099 -0.91442017443478096 -0.86178290098905552 -0.96421398036181916 -0.95224487781524647 -0.99748608766822133 -0.99933364039316064 -0.99623834615340445 -0.99541320116259147 -0.99809952138457436 -0.99874428653856728 -0.99706363683799271
decision_type=2 2 2 2 2 2 2 2 2 2 2 2 2 2 2 2 2 2 2 2 2
left_child=2 -2 14 -4 -3 6 7 8 -6 12 -11 -12 -10 -14 15 -1 20 -18 19 -17 -16
right_child=1 4 3 -5 5 -7 -8 -9 9 10 11 -13 13 -15 16 18 17 -19 -20 -21 -22
leaf_value=-9.1664206140348303e-05 -0.00087167959388939934 0.00029011808022985652 0.001140356502145639 0.00014429867444182621 -0.00065903090808141454 0.0002421672173035594 -0.00075640461524592204 0.00042218617193828708 -0.00020152534919939892 -0.0009149043171474149 0.00019164663674014213 -0.0005232913569914523 0.0005429092014262516 -1.2434669510555607e-05 -0.00012231088073565862 0.00020633550388154885 0.00041828121141409348 -8.0750174931786854e-06 0.00010918245208312647 0.00066443849952111777 -0.00033489527795196866
leaf_weight=24.099735707044601 16.463262140750885 17.581177860498428 18.624701827764511 24.045069471001625 13.195566073060034 14.864284694194792 22.938052743673325 14.614176973700522 22.347636714577675 13.466383785009375 17.36955946683883 25.135232031345389 13.367180809378626 13.418370947241774 13.927327305078508 24.037121817469593 13.368033930659296 17.867665126919746 15.354718014597891 18.518822267651561 15.142395436763762
leaf_count=97 66 71 76 97 53 60 92 59 90 54 70 101 54 54 56 97 54 72 62 75 61
internal_value=-1.27579e-05 -0.000220185 0.000216843 0.000579063 -0.000163223 -0.000209911 -0.000253027 -0.000166155 -0.000238836 -0.000186082 -0.000395644 -0.000231132 5.26466e-05 0.000264707 0.000108241 0.000204019 -2.2009e-05 0.000174394 0.000327069 0.000405686 -0.000233046
internal_weight=389.746 204.761 184.986 42.6698 188.298 170.716 155.852 132.914 118.3 105.104 55.9712 42.5048 49.1332 26.7856 142.316 82.0104 60.3054 31.2357 57.9107 42.5559 29.0697
internal_count=1571 824 747 173 758 687 627 535 476 423 225 171 198 108 574 331 243 126 234 172 117
is_linear=0
shrinkage=0.00167704


Tree=93
num_leaves=22
num_cat=0
split_feature=1 1 1 1 1 1 1 1 1 1 1 1 1 1 1 1 1 1 1 1 1
split_gain=6.60737 2.92481 3.40638 1.76648 2.30083 1.34891 3.43231 2.27659 1.36608 1.22712 0.882768 1.76391 1.4228 0.702208 1.42361 1.36362 0.422354 0.866477 0.391648 0.383633 0.0383245
threshold=0.0052054444417174118 0.0030386524593678387 0.0040048307190119646 0.0081430297764901322 0.010314289246546296 0.55511199992644056 0.25124300516278603 0.1431244951807307 0.083825536468839737 0.013272963937056225 0.023332139519733182 0.017009627046576898 0.061224779660074745 0.0012299843633581072 0.00030614836655979419 0.0016862131302390222 0.00048159465905797861 0.00080373213385385707 0.031152889875884483 0.0022654156993902985 0.0064890467899940017
decision_type=2 2 2 2 2 2 2 2 2 2 2 2 2 2 2 2 2 2 2 2 2
left_child=1 13 -3 20 -5 6 7 8 9 -6 11 -11 18 14 -1 -15 -16 -18 -12 -17 -2
right_child=3 2 -4 4 5 -7 -8 -9 -10 10 12 -13 -14 15 16 19 17 -19 -20 -21 -22
leaf_value=-0.00012785525740159287 -0.00055675723982033065 0.0011089098060738007 0.00010589463616944748 0.00047490224203741683 -0.00058135041203839159 0.00022548987508428847 -0.00089485669479716227 0.00049922315504336316 -0.00066324033323211611 -0.00027714175247934544 -0.00014641496940258228 0.00056196647939583955 0.00027501534617098346 -0.00035142121035992971 0.00059123692494680478 0.00032586658120484257 3.5292750293638193e-05 0.00051553306213522382 -0.00049011806513327269 -1.11056653406639e-05 -0.00068399667225227292
leaf_weight=24.348208591341972 13.458074837923052 20.101099953055382 18.095550790429115 14.868843644857405 16.18057481944561 17.607045471668243 20.940961539745331 13.122684836387633 17.938677906990051 13.409038603305818 14.911338821053503 14.847273454070089 13.14593258500099 22.634305521845818 15.607331082224844 20.298992037773132 21.763715118169785 20.537491425871849 24.885853886604309 17.86436153948307 13.175524547696112
leaf_count=98 54 82 73 60 65 71 84 53 72 54 60 60 53 91 63 82 88 83 100 72 53
internal_value=-1.27365e-05 0.000221456 0.000633734 -0.00021633 -0.000157256 -0.000213543 -0.00026529 -0.000162647 -0.000237964 -0.000159622 -7.55849e-05 0.000163767 -0.00020333 0.000111375 0.000212389 -2.52939e-05 0.000355448 0.000268452 -0.000361338 0.000168129 -0.000619702
internal_weight=389.743 181.251 38.1967 208.492 181.858 166.989 149.382 128.441 115.319 97.38 81.1994 28.2563 52.9431 143.054 82.2567 60.7977 57.9085 42.3012 39.7972 38.1634 26.6336
internal_count=1571 732 155 839 732 672 601 517 464 392 327 114 213 577 332 245 234 171 160 154 107
is_linear=0
shrinkage=0.00167704


Tree=94
num_leaves=22
num_cat=0
split_feature=0 0 0 0 0 0 0 0 0 0 0 0 0 0 0 0 0 0 0 0 0
split_gain=6.55683 2.68693 2.57185 3.6798 1.40992 1.17547 2.40642 2.00815 0.928679 1.85861 1.69294 1.85945 0.935287 0.729001 0.626992 1.05341 0.883267 0.491385 0.35244 0.779316 0.11666
threshold=-0.98854950023815025 -0.98524397937580932 -0.99394081102218468 -0.99216102925129224 -0.98040820006281126 0.28826266527175909 -0.47021172940731037 -0.72477956861257542 -0.97551024006679643 -0.93831331655383099 -0.91442017443478096 -0.86178290098905552 -0.96421398036181916 -0.95224487781524647 -0.99748608766822133 -0.99933364039316064 -0.99623834615340445 -0.99541320116259147 -0.99809952138457436 -0.99874428653856728 -0.99706363683799271
decision_type=2 2 2 2 2 2 2 2 2 2 2 2 2 2 2 2 2 2 2 2 2
left_child=2 -2 14 -4 -3 6 7 8 -6 12 -11 -12 -10 -14 15 -1 20 -18 19 -17 -16
right_child=1 4 3 -5 5 -7 -8 -9 9 10 11 -13 13 -15 16 18 17 -19 -20 -21 -22
leaf_value=-9.1294540348647375e-05 -0.00086913644992341673 0.00028955699660541452 0.001137014376337 0.0001438999388776022 -0.0006574144619078653 0.0002413938658548057 -0.00075380200640424565 0.00042089258580740104 -0.00020070204176741649 -0.0009125174936077873 0.00019176205575897618 -0.00052177089556130335 0.00054118028915889696 -1.2168108460141836e-05 -0.0001215383077301304 0.00020533939382455182 0.00041706393610101925 -8.066340578310046e-06 0.00010814143382429603 0.00066311170116708986 -0.00033419869750605662
leaf_weight=24.10015133023262 16.464403063058853 17.580578774213791 18.618892058730125 24.044444367289543 13.196303009986876 14.863623082637785 22.939814999699593 14.613035127520559 22.348470121622086 13.467306420207015 17.369628325104706 25.13656970858576 13.365757003426554 13.418536484241477 13.927783265709879 24.03575378656387 13.367050006985666 17.867671206593513 15.353788793087004 18.517110586166385 15.142835333943365
leaf_count=97 66 71 76 97 53 60 92 59 90 54 70 101 54 54 56 97 54 72 62 75 61
internal_value=-1.27153e-05 -0.00021946 0.000216147 0.000577309 -0.000162654 -0.000209222 -0.000252197 -0.000165625 -0.000238073 -0.000185424 -0.000394362 -0.000230195 5.26049e-05 0.000263961 0.000107875 0.000203332 -2.19332e-05 0.00017387 0.000325952 0.000404542 -0.000232313
internal_weight=389.74 204.764 184.975 42.6633 188.3 170.719 155.855 132.916 118.303 105.106 55.9735 42.5062 49.1328 26.7843 142.312 82.0068 60.3053 31.2347 57.9067 42.5529 29.0706
internal_count=1571 824 747 173 758 687 627 535 476 423 225 171 198 108 574 331 243 126 234 172 117
is_linear=0
shrinkage=0.00167704


Tree=95
num_leaves=22
num_cat=0
split_feature=1 1 1 1 1 1 1 1 1 1 1 1 1 1 1 1 1 1 1 1 1
split_gain=6.56361 2.90648 3.38665 1.75696 2.29035 1.34143 3.41164 2.2624 1.35853 1.22001 0.876795 1.75371 1.41795 0.697822 1.41489 1.35625 0.421694 0.865178 0.38899 0.381867 0.038483
threshold=0.0052054444417174118 0.0030386524593678387 0.0040048307190119646 0.0081430297764901322 0.010314289246546296 0.55511199992644056 0.25124300516278603 0.1431244951807307 0.083825536468839737 0.013272963937056225 0.023332139519733182 0.017009627046576898 0.061224779660074745 0.0012299843633581072 0.00030614836655979419 0.0016862131302390222 0.00048159465905797861 0.00080373213385385707 0.031152889875884483 0.0022654156993902985 0.0064890467899940017
decision_type=2 2 2 2 2 2 2 2 2 2 2 2 2 2 2 2 2 2 2 2 2
left_child=1 13 -3 20 -5 6 7 8 9 -6 11 -11 18 14 -1 -15 -16 -18 -12 -17 -2
right_child=3 2 -4 4 5 -7 -8 -9 -10 10 12 -13 -14 15 16 19 17 -19 -20 -21 -22
leaf_value=-0.00012749069835723704 -0.00055480538487181954 0.001105660664114003 0.00010547808248107931 0.00047404368961699166 -0.00057955243981762123 0.00022497436364496266 -0.00089208934700146379 0.00049772506288790384 -0.00066127532420436443 -0.00027632958083282337 -0.00014611773919566591 0.00056035913029982797 0.00027495690383109572 -0.00035047305152456111 0.00058994595384210787 0.00032504692802880783 3.441198613469172e-05 0.00051430829955727384 -0.00048864817752260767 -1.1153178547767283e-05 -0.00068230410450455833
leaf_weight=24.348622635006905 13.458832740783693 20.095048382878304 18.095134988427162 14.868053019046782 16.181643173098564 17.606456145644188 20.9426638931036 13.121500447392462 17.939856067299843 13.409563690423967 14.91152487695217 14.84578827023506 13.14586693048477 22.635201424360275 15.606145575642584 20.297991290688515 21.762487009167671 20.535888850688934 24.887022837996483 17.864295467734337 13.176251873373984
leaf_count=98 54 82 73 60 65 71 84 53 72 54 60 60 53 91 63 82 88 83 100 72 53
internal_value=-1.26941e-05 0.000220732 0.000631758 -0.000215607 -0.000156691 -0.000212848 -0.000264449 -0.000162112 -0.00023719 -0.000159064 -7.52684e-05 0.000163279 -0.000202576 0.000111001 0.000211703 -2.52391e-05 0.000354332 0.000267402 -0.000360311 0.000167667 -0.000617878
internal_weight=389.736 181.241 38.1902 208.495 181.86 166.992 149.385 128.443 115.321 97.3814 81.1998 28.2554 52.9444 143.051 82.2531 60.7975 57.9045 42.2984 39.7985 38.1623 26.6351
internal_count=1571 732 155 839 732 672 601 517 464 392 327 114 213 577 332 245 234 171 160 154 107
is_linear=0
shrinkage=0.00167704


Tree=96
num_leaves=22
num_cat=0
split_feature=0 0 0 0 0 0 0 0 0 0 0 0 0 0 0 0 0 0 0 0 0
split_gain=5.9815 3.12474 3.88263 2.87804 1.57567 1.15748 1.04618 3.06025 2.07768 0.89362 1.42269 1.14167 0.818011 1.85119 0.83242 1.95244 1.79343 0.567572 0.401204 0.787621 0.0152557
threshold=-0.98854950023815025 -0.99394081102218468 -0.99234026088379312 -0.98524397937580932 -0.98040820006281126 -0.99077988322824229 0.28826266527175909 -0.47021172940731037 -0.72477956861257542 -0.99933364039316064 -0.99748608766822133 -0.99687910877401009 -0.97551024006679643 -0.95919504482299089 -0.91442017443478096 -0.93831331655383099 -0.86178290098905552 -0.99587486381642509 -0.99901550619688351 -0.99833182501606632 -0.97006631875410665
decision_type=2 2 2 2 2 2 2 2 2 2 2 2 2 2 2 2 2 2 2 2 2
left_child=1 9 -3 -2 -5 -4 7 8 12 -1 18 -12 -6 20 15 -15 -16 -13 -11 -20 -14
right_child=3 2 5 4 6 -7 -8 -9 -10 10 11 17 13 14 16 -17 -18 -19 19 -21 -22
leaf_value=-0.00019454390055646342 -0.00086660182655713062 0.0012221429559291326 -0.00014837591036972862 0.00034638862235039538 -0.00059994473928618017 0.00056268828706112551 0.00024062229504308107 -0.00079416842130365954 0.0004632410978406661 0.00059949322636741471 -0.00038572702402574037 0.00036018557387786283 0.00025298488259218081 -0.0001619049681104799 0.00027282649504845979 -0.00098770698783127195 -0.00042358307445918372 -3.3685134680979429e-05 6.6093385011907507e-05 0.00051249076955786697 0.00017465821233514432
leaf_weight=23.852144539356232 16.465522706508636 17.630680024623871 13.112945586442949 17.332526206970215 12.947854876518248 12.649255558848379 14.862961471080778 22.69245682656765 14.859243080019949 13.624235764145849 17.163033187389374 17.34316274523735 14.661036983132364 20.601591065526009 17.866430684924119 13.218787014484397 24.887576714158072 25.30024328827858 24.238291859626766 20.533598080277446 13.372551798820494
leaf_count=96 66 72 53 70 52 51 60 91 60 55 69 70 59 83 72 53 100 102 98 83 54
internal_value=3.94706e-06 0.000221874 0.00061575 -0.000194386 -0.000135293 0.000200757 -0.000184412 -0.00022514 -0.000127623 0.000101559 0.000161309 -2.0495e-05 -0.000202309 -0.000153092 -0.000288077 -0.000484672 -0.000132561 0.000126503 0.000347504 0.000270823 0.000215622
internal_weight=389.216 185.448 43.3929 203.769 187.303 25.7622 169.97 155.108 132.415 142.055 118.203 59.8064 117.556 104.608 76.5744 33.8204 42.754 42.6434 58.3961 44.7719 28.0336
internal_count=1569 749 176 820 754 104 684 624 533 573 477 241 473 421 308 136 172 172 236 181 113
is_linear=0
shrinkage=0.00167704


Tree=97
num_leaves=21
num_cat=0
split_feature=1 1 1 1 1 1 1 1 1 1 1 1 1 1 1 1 1 1 1 1
split_gain=5.88859 3.20261 3.82351 1.86452 1.27546 1.06195 3.34492 2.35477 1.03606 1.16828 0.909885 1.54577 1.65329 0.774753 1.68737 1.5156 0.62464 1.19505 0.460562 0.109448
threshold=0.0053036896900828965 0.0030386524593678387 0.0040048307190119646 0.0073959544228075031 0.010314289246546296 0.64436365811689189 0.25124300516278603 0.1431244951807307 0.083825536468839737 0.061224779660074745 0.00030614836655979419 0.0012299843633581072 0.0016862131302390222 0.031152889875884483 0.017009627046576898 0.023332139519733182 0.00080373213385385707 0.00048159465905797861 0.0022654156993902985 0.013272963937056225
decision_type=2 2 2 2 2 2 2 2 2 2 2 2 2 2 2 2 2 2 2 2
left_child=1 10 -3 -2 -5 6 7 8 9 13 -1 16 -13 14 19 -16 17 -12 -14 -6
right_child=3 2 -4 4 5 -7 -8 -9 -10 -11 11 12 18 -15 15 -17 -18 -19 -20 -21
leaf_value=-0.00019421477476813204 -0.00068471432064395182 0.0011459018596469287 0.00011402746674991422 0.00025760246605300956 -0.00048258931261947356 0.0002402243051192314 -0.00081197451438656722 0.00054323756304644358 -0.00057689064499721497 0.00032690126851217977 0.0005881279853484758 -0.00039170745721437881 0.00035701734732571355 -0.0004528460339517408 0.00055941421197817432 -0.0002007402135363801 0.00059432998046243118 -1.581104318455619e-05 -1.1165262312427299e-05 -0.00027623811193333841
leaf_weight=23.852508619427681 19.449534147977829 20.578469216823578 19.832964420318604 20.314794048666954 15.684608325362207 14.862619042396544 23.438528344035149 13.367597311735151 17.442438557744026 13.393861994147299 15.604469209909437 21.889766335487366 20.544425010681152 25.135426968336105 14.844900012016298 14.663416430354117 20.53376767039299 22.504027739167213 17.864259168505669 13.409623235464094
leaf_count=96 78 84 80 82 63 60 94 54 70 54 63 88 83 101 60 59 83 91 72 54
internal_value=3.9405e-06 0.000222681 0.000639483 -0.000190588 -0.000139073 -0.000187546 -0.000229545 -0.000122846 -0.000200559 -0.00013298 0.000104724 0.000164673 -2.38667e-05 -0.000206538 -0.000100893 0.000181675 0.000358537 0.000231487 0.000185772 -0.000387481
internal_weight=389.212 183.205 40.4114 206.007 186.558 166.243 151.38 127.942 114.574 97.1318 142.793 118.941 60.2985 83.738 58.6025 29.5083 58.6423 38.1085 38.4087 29.0942
internal_count=1569 740 164 829 751 669 609 515 461 391 576 480 243 337 236 119 237 154 155 117
is_linear=0
shrinkage=0.00167704


Tree=98
num_leaves=22
num_cat=0
split_feature=0 0 0 0 0 0 0 0 0 0 0 0 0 0 0 0 0 0 0 0 0
split_gain=5.94252 3.10579 3.86031 2.86096 1.56649 1.15601 1.03922 3.03895 2.06449 0.887617 1.41316 1.13408 0.814613 1.8434 0.830495 1.94184 1.78691 0.565539 0.39872 0.781863 0.0155948
threshold=-0.98854950023815025 -0.99394081102218468 -0.99234026088379312 -0.98524397937580932 -0.98040820006281126 -0.99077988322824229 0.28826266527175909 -0.47021172940731037 -0.72477956861257542 -0.99933364039316064 -0.99748608766822133 -0.99687910877401009 -0.97551024006679643 -0.95919504482299089 -0.91442017443478096 -0.93831331655383099 -0.86178290098905552 -0.99587486381642509 -0.99901550619688351 -0.99833182501606632 -0.97006631875410665
decision_type=2 2 2 2 2 2 2 2 2 2 2 2 2 2 2 2 2 2 2 2 2
left_child=1 9 -3 -2 -5 -4 7 8 12 -1 18 -12 -6 20 15 -15 -16 -13 -11 -20 -14
right_child=3 2 5 4 6 -7 -8 -9 -10 10 11 17 13 14 16 -17 -18 -19 19 -21 -22
leaf_value=-0.00019388602286461105 -0.0008639394270314268 0.0012186615982016542 -0.00014881023271829302 0.00034546308168601294 -0.0005984560069115921 0.00056181815700212989 0.0002398269718147041 -0.00079141245908922119 0.00046180198743789612 0.00059756979251556798 -0.00038442645676840304 0.00035936157306219009 0.00025317437364385284 -0.00016170948009669114 0.00027274932803289428 -0.00098524725862528294 -0.00042238692870085061 -3.3809703026326412e-05 6.5926962263615271e-05 0.00051070425866437286 0.00017398120184475537
leaf_weight=23.852871760725975 16.466681197285652 17.62478019297123 13.112513303756716 17.331555038690567 12.948521748185156 12.648629203438757 14.862277507781981 22.694241464138031 14.857939392328261 13.622683838009833 17.163956210017204 17.342262968420982 14.661161109805109 20.601723328232765 17.866320401430123 13.219693899154654 24.888583883643165 25.300058886408806 24.238049089908596 20.53129526972771 13.371965065598486
leaf_count=96 66 72 53 70 52 51 60 91 60 55 69 70 59 83 72 53 100 102 98 83 54
internal_value=3.93395e-06 0.00022116 0.000613876 -0.000193748 -0.000134828 0.000200106 -0.000183802 -0.000224393 -0.000127214 0.000101214 0.000160767 -2.04247e-05 -0.000201659 -0.000152543 -0.00028724 -0.000483604 -0.000131905 0.00012609 0.000346346 0.000269903 0.000215399
internal_weight=389.208 185.437 43.3859 203.771 187.304 25.7611 169.972 155.11 132.416 142.051 118.198 59.8063 117.558 104.609 76.5763 33.8214 42.7549 42.6423 58.392 44.7693 28.0331
internal_count=1569 749 176 820 754 104 684 624 533 573 477 241 473 421 308 136 172 172 236 181 113
is_linear=0
shrinkage=0.00167704


Tree=99
num_leaves=21
num_cat=0
split_feature=1 1 1 1 1 1 1 1 1 1 1 1 1 1 1 1 1 1 1 1
split_gain=5.84982 3.18271 3.80333 1.85219 1.26786 1.05494 3.32303 2.34015 1.03066 1.1644 0.90379 1.53604 1.64453 0.769957 1.68226 1.50909 0.621293 1.18818 0.458283 0.108231
threshold=0.0053036896900828965 0.0030386524593678387 0.0040048307190119646 0.0073959544228075031 0.010314289246546296 0.64436365811689189 0.25124300516278603 0.1431244951807307 0.083825536468839737 0.061224779660074745 0.00030614836655979419 0.0012299843633581072 0.0016862131302390222 0.031152889875884483 0.017009627046576898 0.023332139519733182 0.00080373213385385707 0.00048159465905797861 0.0022654156993902985 0.013272963937056225
decision_type=2 2 2 2 2 2 2 2 2 2 2 2 2 2 2 2 2 2 2 2
left_child=1 10 -3 -2 -5 6 7 8 9 13 -1 16 -13 14 19 -16 17 -12 -14 -6
right_child=3 2 -4 4 5 -7 -8 -9 -10 -11 11 12 18 -15 15 -17 -18 -19 -20 -21
leaf_value=-0.00019355799660043685 -0.00068242832997862538 0.0011426966541821454 0.00011346378968458017 0.00025689300110895647 -0.00048134435007568679 0.00023943025920617099 -0.00080929050830949513 0.00054160610496308502 -0.00057524700990822634 0.00032661429677098227 0.00058631600147864677 -0.00039067262595248803 0.00035609854218194708 -0.00045147858344867935 0.00055847126470136841 -0.00020005588215152629 0.00059256130022909454 -1.5903347169644544e-05 -1.1176893449089968e-05 -0.00027614657684731482
leaf_weight=23.853233471512794 19.450718522071838 20.572197094559669 19.832346141338348 20.313899591565132 15.685284107923509 14.861935973167418 23.44031623005867 13.366265639662741 17.443381294608116 13.393629759550093 15.602788731455801 21.890700876712799 20.543263375759125 25.136462226510048 14.844010680913927 14.663855150341986 20.531471863389015 22.503898665308952 17.864221975207329 13.409683138132094
leaf_count=96 78 84 80 82 63 60 94 54 70 54 63 88 83 101 60 59 83 91 72 54
internal_value=3.92743e-06 0.000221957 0.000637503 -0.000189955 -0.00013861 -0.000186937 -0.000228796 -0.000122443 -0.00019991 -0.000132506 0.000104371 0.000164122 -2.38206e-05 -0.00020594 -0.000100621 0.000181523 0.000357386 0.000230675 0.00018527 -0.00038677
internal_weight=389.204 183.194 40.4045 206.009 186.559 166.245 151.383 127.943 114.576 97.1329 142.79 118.936 60.2982 83.7393 58.6028 29.5079 58.6382 38.1067 38.4075 29.095
internal_count=1569 740 164 829 751 669 609 515 461 391 576 480 243 337 236 119 237 154 155 117
is_linear=0
shrinkage=0.00167704


end of trees

feature_importances:
sentiment_score=1068
sentiment_norm=1019

parameters:
[boosting: gbdt]
[objective: binary]
[metric: binary_logloss]
[tree_learner: serial]
[device_type: cpu]
[data_sample_strategy: bagging]
[data: ]
[valid: ]
[num_iterations: 100]
[learning_rate: 0.00167704]
[num_leaves: 140]
[num_threads: 1]
[seed: 0]
[deterministic: 0]
[force_col_wise: 0]
[force_row_wise: 0]
[histogram_pool_size: -1]
[max_depth: -1]
[min_data_in_leaf: 50]
[min_sum_hessian_in_leaf: 0.001]
[bagging_fraction: 0.987971]
[pos_bagging_fraction: 1]
[neg_bagging_fraction: 1]
[bagging_freq: 6]
[bagging_seed: 3]
[bagging_by_query: 0]
[feature_fraction: 0.587483]
[feature_fraction_bynode: 1]
[feature_fraction_seed: 2]
[extra_trees: 0]
[extra_seed: 6]
[early_stopping_round: 0]
[early_stopping_min_delta: 0]
[first_metric_only: 0]
[max_delta_step: 0]
[lambda_l1: 0]
[lambda_l2: 0]
[linear_lambda: 0]
[min_gain_to_split: 0]
[drop_rate: 0.1]
[max_drop: 50]
[skip_drop: 0.5]
[xgboost_dart_mode: 0]
[uniform_drop: 0]
[drop_seed: 4]
[top_rate: 0.2]
[other_rate: 0.1]
[min_data_per_group: 100]
[max_cat_threshold: 32]
[cat_l2: 10]
[cat_smooth: 10]
[max_cat_to_onehot: 4]
[top_k: 20]
[monotone_constraints: ]
[monotone_constraints_method: basic]
[monotone_penalty: 0]
[feature_contri: ]
[forcedsplits_filename: ]
[refit_decay_rate: 0.9]
[cegb_tradeoff: 1]
[cegb_penalty_split: 0]
[cegb_penalty_feature_lazy: ]
[cegb_penalty_feature_coupled: ]
[path_smooth: 0]
[interaction_constraints: ]
[verbosity: 1]
[saved_feature_importance_type: 0]
[use_quantized_grad: 0]
[num_grad_quant_bins: 4]
[quant_train_renew_leaf: 0]
[stochastic_rounding: 1]
[linear_tree: 0]
[max_bin: 255]
[max_bin_by_feature: ]
[min_data_in_bin: 3]
[bin_construct_sample_cnt: 200000]
[data_random_seed: 1]
[is_enable_sparse: 1]
[enable_bundle: 1]
[use_missing: 1]
[zero_as_missing: 0]
[feature_pre_filter: 1]
[pre_partition: 0]
[two_round: 0]
[header: 0]
[label_column: ]
[weight_column: ]
[group_column: ]
[ignore_column: ]
[categorical_feature: ]
[forcedbins_filename: ]
[precise_float_parser: 0]
[parser_config_file: ]
[objective_seed: 5]
[num_class: 1]
[is_unbalance: 0]
[scale_pos_weight: 1]
[sigmoid: 1]
[boost_from_average: 1]
[reg_sqrt: 0]
[alpha: 0.9]
[fair_c: 1]
[poisson_max_delta_step: 0.7]
[tweedie_variance_power: 1.5]
[lambdarank_truncation_level: 30]
[lambdarank_norm: 1]
[label_gain: ]
[lambdarank_position_bias_regularization: 0]
[eval_at: ]
[multi_error_top_k: 1]
[auc_mu_weights: ]
[num_machines: 1]
[local_listen_port: 12400]
[time_out: 120]
[machine_list_filename: ]
[machines: ]
[gpu_platform_id: -1]
[gpu_device_id: -1]
[gpu_use_dp: 0]
[num_gpu: 1]

end of parameters

pandas_categorical:[]
